"dt-type-numeric","dt-type-numeric 2","tablescraper-selected-row","tablescraper-selected-row 2","tablescraper-selected-row 3","tablescraper-selected-row 5"
"1","2011","Acetylsalicylic acid","Tablet 300 mg","1549(E)","₹ 0.28(1 Tablet)"
"2","2011","Calcium Carbonate","Tablet 250 mg","1549(E)","₹ 2.43(1 Tablet)"
"3","2011","Condom","CONDOM","1549(E)","₹ 11.37(1 Condom)"
"4","2011","Dapsone","Tablet 50 mg","1549(E)","₹ 0.29(1 Tablet)"
"5","2011","Medroxyprogesteroneacetate","Tablet 5 mg","1549(E)","₹ 3.72(1 Tablet)"
"6","2011","RIFAMPICIN","TABLET 450 mg","1549(E)","₹ 5.52(1 Tablet)"
"7","2015","5-aminosalicylic Acid","Suppository 500 mg","1548(E)","₹ 21.05(1 Suppository)"
"8","2015","5-aminosalicylic Acid","Tablet 400 mg","1548(E)","₹ 9.31(1 Tablet)"
"9","2015","Abacavir (A)+Lamivudine (B)","Tablet 60 (A) + 30 mg (B)","1548(E)","₹ 25.00(1 Tablet)"
"10","2015","Acetylsalicylic acid","Tablet 350 mg","1548(E)","₹ 0.38(1 Tablet)"
"11","2015","Acetylsalicylic acid","Tablet 75 mg","1548(E)","₹ 0.38(1 Tablet)"
"12","2015","Acetylsalicylic acid","Tablet 150 mg","1548(E)","₹ 0.50(1 Tablet)"
"13","2015","Acetylsalicylic acid","Tablet 100 mg","1548(E)","₹ 0.21(1 Tablet)"
"14","2015","Acetylsalicylic acid","Effervescent/ Dispersible/
Enteric coated Tablet 100 mg","1548(E)","₹ 0.22(1 Tablet)"
"15","2015","All-trans Retinoic Acid","Capsule 10 mg","1548(E)","₹ 101.85(1 Capsule)"
"16","2015","Amphotericin B(Lipid)","Powder For Injection 50 mg","1548(E)","₹ 3990.62(Each Pack)"
"17","2015","Amphotericin B(Liposomal)","Powder For Injection 50 mg","1548(E)","₹ 9295.41(Each Pack)"
"18","2015","Ampicillin","Powder For Injection 1000 mg","1548(E)","₹ 26.56(Each Pack)"
"19","2015","Anti-D Immunoglobulin","Injection 300 mcg","1548(E)","₹ 2657.47(Each Pack)"
"20","2015","Anti-D Immunoglobulin","Injection 150 mcg","1548(E)","₹ 2071.40(Each Pack)"
"21","2015","Anti-rabies immunoglobulin","Injection 350 IU","1548(E)","₹ 121.77(1 ML)"
"22","2015","Anti-rabies immunoglobulin","Injection 150 IU","1548(E)","₹ 3454.06(1 ML)"
"23","2015","Anti-tetanus immunoglobulin","Injection 250 IU","1548(E)","₹ 1383.57(Each Pack)"
"24","2015","Artesunate (A) + Sulphadoxine -Pyrimethamine (B)","Tablet 25 mg(A) + 1 Tablet
(250 mg+ 12.5 mg) (B)","1548(E)","₹ 24.48(Combi Pack)"
"25","2015","Artesunate (A) + Sulphadoxine -Pyrimethamine (B)","Tablet 200 mg(A) + 2 Tablet
(750 mg+ 37.5 mg) (B)","1548(E)","₹ 45.45(Combi Pack)"
"26","2015","Artesunate (A) + Sulphadoxine -Pyrimethamine (B)","Tablet 150 mg(A) + 2 Tablet
(500 mg+ 25 mg) (B)","1548(E)","₹ 49.85(Combi Pack)"
"27","2015","Artesunate (A) + Sulphadoxine -Pyrimethamine (B)","Tablet 100 mg(A) + 1 Tablet
(750 mg+ 37.5 mg) (B)","1548(E)","₹ 36.72(Combi Pack)"
"28","2015","Bare Metal Stents","DEVICE --","1551(E)","₹ 10509.78(1 Unit)"
"29","2015","BCG vaccine","vaccine 40 MG","1548(E)","₹ 11.12(Each Dose)"
"30","2015","Benzoyl Peroxide","Cream 2.50%","1548(E)","₹ 2.90(1 GM)"
"31","2015","Benzyl penicillin","Powder For Injection 1000000","1548(E)","₹ 9.71(Each Pack)"
"32","2015","Betamethasone","Gel 0.05%","1548(E)","₹ 0.66(1 GM)"
"33","2015","Betamethasone","Lotion 0.10%","1548(E)","₹ 1.02(1 ML)"
"34","2015","Betamethasone","Lotion 0.05%","1548(E)","₹ 0.66(1 ML)( Pack)"
"35","2015","Budesonide","Nasal Spray 50 MCG","1548(E)","₹ 1.27(1 Dose)"
"36","2015","Budesonide","Inhalation 100 MCG","1548(E)","₹ 2.49(Per Dose)"
"37","2015","Budesonide (A)+ Formoterol (B)","Inhalation 200 mcg (A)
+ 6 mcg (B)","1548(E)","₹ 3.33(Per Metered Dose)"
"38","2015","Budesonide (A)+ Formoterol (B)","Inhalation 400 mcg (A)
+ 6 mcg (B)","1548(E)","₹ 3.80(Per Metered Dose)"
"39","2015","Calcium Carbonate","Tablet 500 mg","1548(E)","₹ 2.15(1 Tablet)"
"40","2015","Calcium gluconate","Injection 100 mg","1548(E)","₹ 0.68(1 ML)"
"41","2015","Cefadroxil","Capsule 500 mg","1548(E)","₹ 8.90(1 Capsule)"
"42","2015","Cefazolin","Powder For Injection 500 mg","1548(E)","₹ 19.37(Each Pack)"
"43","2015","Cefazolin","Powder For Injection 1000 mg","1548(E)","₹ 30.56(Each Pack)"
"44","2015","Cefixime","Capsule 400 mg","1548(E)","₹ 36.41(1 Capsule)"
"45","2015","Cetirizine","Capsule 10 mg","1548(E)","₹ 2.96(1 Capsule)"
"46","2015","Chlorambucil","Tablet 5 mg","1548(E)","₹ 103.26(1 Tablet)"
"47","2015","Chlorhexidine","Solution (concentrate for dilution) 5%","1548(E)","₹ 0.19(1 ML)"
"48","2015","Cloxacillin","Powder 250 mg","1548(E)","₹ 5.53(Each Pack)"
"49","2015","Cloxacillin","Capsule 500 mg","1548(E)","₹ 2.38(1 Capsule)"
"50","2015","Cloxacillin","Capsule 250 mg","1548(E)","₹ 1.41(1 Capsule)"
"51","2015","Coagulation factor
IX","Powder For Injection 600 IU","1548(E)","₹ 15339.76(Each Pack)"
"52","2015","Coagulation factor
VIII","Powder For Injection 500 IU","1548(E)","₹ 11411.13(Each Pack)"
"53","2015","Coagulation factor
VIII","Powder For Injection 250 IU","1548(E)","₹ 4650.15(Each Pack)"
"54","2015","Cyclosporine","Injection 50 mg/ml","1548(E)","₹ 335.80(1 ML)"
"55","2015","Daunorubicin","Powder For Injection 20 mg","1548(E)","₹ 302.76(Each Pack)"
"56","2015","Dextran-40","Injection 10%","1548(E)","₹ 1.05(1 ML)"
"57","2015","Diazepam","Oral Liquid 2 mg/5ml","1548(E)","₹ 3.40(1 ML)"
"58","2015","Diclofenac","Capsule 50 mg","1548(E)","₹ 0.76(1 Capsule)"
"59","2015","Dicyclomine","Injection 10 mg/ml (1ml &
2ml Pack)","1548(E)","₹ 0.20(1 ML)"
"60","2015","Dicyclomine","Tablet 10 mg","1548(E)","₹ 0.13(1 Tablet)"
"61","2015","Dinoprostone","Tablet 0.5 mg","1548(E)","₹ 62.31(1 Tablet)"
"62","2015","Diphtheria antitoxin","Injection 10000 IU","1548(E)","₹ 1631.70(Each Pack)"
"63","2015","DPT vaccine","VACCINE","1548(E)","₹ 17.64(Per 0.5 ml)"
"64","2015","Drug Eluting Stents (DES) including metallic DES and Bioresorbable Vascular  Scaffold (BVS)/ Biodegradable Stents","DEVICE --","1551(E)","₹ 38267.17(1 Unit)"
"65","2015","Efavirenz","Capsule 600 mg","1548(E)","₹ 78.09(1 Capsule)"
"66","2015","Ethyl Alcohol (Denatured)","Solution 70%","1548(E)","₹ 0.53(1 ML)"
"67","2015","Ferrous Salt (A) +
Folic Acid (B)","Tablet 100 mg elemental iron
(A) + 500mcg (B)","1548(E)","₹ 0.28(1 Tablet)"
"68","2015","Fluconazole","Oral Liquid 50 mg/ 5 ml","1548(E)","₹ 3.25(1 ML)"
"69","2015","Gadobenate","Injection 529 mg","1548(E)","₹ 135.69(1 ML)"
"70","2015","GENTIAN VIOLET","PAINT 1 %","1548(E)","₹ 0.10(1 ML)"
"71","2015","Glucose","Injection 5%","1548(E)","₹ 37.98(500ml Non-Glass)"
"72","2015","Glucose","Injection 5%","1548(E)","₹ 0.61(1 ML)"
"73","2015","Glucose","Injection 10%","1548(E)","₹ 32.16(Each Pack (1000 ml))( Pack)"
"74","2015","Glucose","Injection 5%","1548(E)","₹ 28.02(250ml Non-Glass)"
"75","2015","Glucose","Injection 10%","1548(E)","₹ 34.97(Each Pack (500 ml))( Pack)"
"76","2015","Glucose","Injection 5%","1548(E)","₹ 20.32(100ml Non-Glass)"
"77","2015","Glucose","Injection 5%","1548(E)","₹ 31.01(250ml Glass)"
"78","2015","Glucose","Injection 5%","1548(E)","₹ 22.45(100ml Glass)"
"79","2015","Glucose","Injection 5%","1548(E)","₹ 64.55(1000ml Non-Glass)"
"80","2015","Glucose","Injection 5%","1548(E)","₹ 44.02(500ml Glass)"
"81","2015","Glucose","Injection 5%","1548(E)","₹ 79.95(1000ml Glass)"
"82","2015","Glucose (A) +
Sodium Chloride (B)","Injection 5% (A) + 0.9% (B)","1548(E)","₹ 28.12(250ml Non-Glass)"
"83","2015","Glucose (A) +
Sodium Chloride (B)","Injection 5% (A) + 0.9% (B)","1548(E)","₹ 22.50(100ml Glass)"
"84","2015","Glucose (A) +
Sodium Chloride (B)","Injection 5% (A) + 0.9% (B)","1548(E)","₹ 20.34(100ml Non-Glass)"
"85","2015","Glucose (A) +
Sodium Chloride (B)","Injection 5% (A) + 0.9% (B)","1548(E)","₹ 31.14(250ml Glass)"
"86","2015","Glucose (A) +
Sodium Chloride (B)","Injection 5% (A) + 0.9% (B)","1548(E)","₹ 44.23(500ml Glass)"
"87","2015","Glucose (A) +
Sodium Chloride (B)","Injection 5% (A) + 0.9% (B)","1548(E)","₹ 38.21(500ml Non-Glass)"
"88","2015","Glucose (A) +
Sodium Chloride (B)","Injection 5% (A) + 0.9% (B)","1548(E)","₹ 80.48(1000ml Glass)"
"89","2015","Glucose (A) +
Sodium Chloride (B)","Injection 5% (A) + 0.9% (B)","1548(E)","₹ 65.03(1000ml Non-Glass)"
"90","2015","Glutaraldehyde","Solution 2%","1548(E)","₹ 0.08(1 ML)"
"91","2015","Griseofulvin","Tablet 375 mg","1548(E)","₹ 5.35(1 Tablet)"
"92","2015","Griseofulvin","Tablet 125 mg","1548(E)","₹ 1.02(1 Tablet)"
"93","2015","Haemodialysis fluid","As Licensed --","1548(E)","₹ 0.04(1 ML)"
"94","2015","Human Normal Immunoglobulin","Solution for infusion 16.50%","1548(E)","₹ 494.52(1 ML)"
"95","2015","Human Normal Immunoglobulin","Solution for infusion 5%","1548(E)","₹ 192.07(1 ML)"
"96","2015","Human Normal Immunoglobulin","Solution for infusion 10%","1548(E)","₹ 260.04(1 ML)"
"97","2015","Hydrochlorothiazide","Tablet 50 mg","1548(E)","₹ 0.10(1 Tablet)"
"98","2015","Hydrogen peroxide","Solution 6%","1548(E)","₹ 0.04(1 ML)"
"99","2015","HYDROXOCOBALAMIN","INJECTION 1 mg/ml","1548(E)","₹ 12.31(1 ML)"
"100","2015","Ibuprofen","Capsule 400 mg","1548(E)","₹ 1.31(1 Capsule)"
"101","2015","Ibuprofen","Capsule 200 mg","1548(E)","₹ 3.33(1 Capsule)"
"102","2015","Imatinib","Capsule 400 mg","1548(E)","₹ 318.01(1 Capsule)"
"103","2015","Ipratropium","Inhalation 20 MCG","1548(E)","₹ 0.76(1 Dose)"
"104","2015","Ipratropium","Respiratory Solution for use in Nebulizer  250 MCG","1548(E)","₹ 3.15(1 ML)"
"105","2015","Ketamine","Injection 10 mg","1548(E)","₹ 13.19(1 ML)"
"106","2015","Levonorgestrel","Tablet 0.75 mg","1548(E)","₹ 28.65(1 Tablet)"
"107","2015","Levothyroxine","Tablet 37.5 mcg","1548(E)","₹ 1.47(1 Tablet)"
"108","2015","Lignocaine (A)+Adrenaline (B)","Injection 1% (A) + 1:200000
(5 mcg/ml) (B)","1548(E)","₹ 0.56(1 ML)"
"109","2015","Lopinavir (A)+Ritonavir (B)","Tablet 100/25 mg","1548(E)","₹ 29.28(1 Tablet)"
"110","2015","Measles Rubbela Vaccine","INJECTION --","1548(E)","₹ 110.07(Each Pack (0.5ml))"
"111","2015","Measles vaccine","vaccine 0.5 ML","1548(E)","₹ 63.47(Each Pack (0.5ml))"
"112","2015","Methotrexate","Injection 50 mg/ml","1548(E)","₹ 49.86(1 ML)"
"113","2015","Methylthioninium chloride (Methylene blue)","Injection 10 mg/ml","1548(E)","₹ 27.13(1 ML)"
"114","2015","Midazolam","Tablet 7.5 mg","1548(E)","₹ 27.94(1 Tablet)"
"115","2015","Morphine","Tablet 10 mg","1548(E)","₹ 6.63(1 Tablet)"
"116","2015","Morphine","SR Tablet 30 mg","1548(E)","₹ 6.78(1 Tablet)"
"117","2015","N-ACETYLCYSTEINE","SACHET 200 mg","1548(E)","₹ 11.20(1 GM)"
"118","2015","Nevirapine","Oral Liquid 50 mg/5 ml","1548(E)","₹ 1.04(1 ML)"
"119","2015","Omeprazole","Tablet 10 mg","1548(E)","₹ 5.52(1 Tablet)"
"120","2015","Oral poliomyelitis","Vaccine --","1548(E)","₹ 127.67(1 ML)"
"121","2015","Oral Rehydration Salts","As Licensed --","1548(E)","₹ 1.11(1 GM)"
"122","2015","Oxaliplatin","Injection 100 mg","1548(E)","₹ 5563.91(Each Pack)"
"123","2015","Para-aminosalicylic acid","Granules --","1548(E)","₹ 3.54(1 GM)"
"124","2015","Paracetamol","Injection 150 mg","1548(E)","₹ 10.84(Each Pack (3 ml))"
"125","2015","Paracetamol","Injection 150 mg","1548(E)","₹ 22.07(Each Pack (7 ml))"
"126","2015","Paracetamol","Injection 150 mg","1548(E)","₹ 16.46(Each Pack (5 ml))"
"127","2015","Paracetamol","Injection 150 mg","1548(E)","₹ 13.65(Each Pack (4 ml))"
"128","2015","Paracetamol","Injection 150 mg","1548(E)","₹ 5.22(Each Pack (1 ml))"
"129","2015","Paracetamol","Injection 150 mg","1548(E)","₹ 3.82(Each Pack (0.5ml))"
"130","2015","Penicillamine","Capsule 250 mg","1548(E)","₹ 18.50(1 Capsule)( Pack)"
"131","2015","PHENYLEPHRINE","DROPS 5 %","1548(E)","₹ 4.64(1 ML)"
"132","2015","PHENYLEPHRINE","DROPS 10 %","1548(E)","₹ 10.06(1 ML)"
"133","2015","Phenytoin","Injection 25 mg","1548(E)","₹ 3.13(1 ML)"
"134","2015","PHENYTOIN","ER Capsule 300 mg","1548(E)","₹ 4.74(1 Capsule)"
"135","2015","Pilocarpine","DROPS 4%","1548(E)","₹ 14.54(1 ML)"
"136","2015","Potassium permanganate","Crystal for topical solution --","1548(E)","₹ 0.55(1 GM)"
"137","2015","Povidone iodine","Ointment 1%","1548(E)","₹ 6.48(1 GM)"
"138","2015","Povidone iodine","Scrub 7.50%","1548(E)","₹ 2.00(1 ML)"
"139","2015","Praziquantel","Tablet 600 mg","1548(E)","₹ 43.25(1 Tablet)"
"140","2015","Prednisolone","Injection 20 mg/ 2 ml","1548(E)","₹ 4.46(1 ML)"
"141","2015","Pyrazinamide","Oral Liquid 250 mg/ 5 ml","1548(E)","₹ 0.76(1 ML)"
"142","2015","Rifampicin","Tablet 300 mg","1548(E)","₹ 3.66(1 Tablet)"
"143","2015","RIFAMPICIN","TABLET 150 MG","1548(E)","₹ 2.01(1 Tablet)( Pack)"
"144","2015","Ringer Lactate","Injection 100 ml","1548(E)","₹ 26.00(Each Pack)"
"145","2015","Ringer Lactate","Injection 500 ml","1548(E)","₹ 56.50(Each Pack)"
"146","2015","Ringer Lactate","Injection 1000 ml","1548(E)","₹ 99.32(Each Pack)"
"147","2015","Ringer Lactate","Injection 250 ml","1548(E)","₹ 44.33(Each Pack)"
"148","2015","Ritonavir","Capsule 100 mg","1548(E)","₹ 35.14(1 Capsule)"
"149","2015","SALBUTAMOL","CAPSULE 4 mg","1548(E)","₹ 0.74(1 Capsule)"
"150","2015","Silver Sulphadiazine","Cream 1%","1548(E)","₹ 0.63(1 GM)"
"151","2015","Sodium chloride","Injection 0.90%","1548(E)","₹ 58.27(1000ml Non-Glass)"
"152","2015","Sodium chloride","Injection 0.90%","1548(E)","₹ 19.68(100ml Non-Glass)"
"153","2015","Sodium chloride","Injection 0.90%","1548(E)","₹ 29.47(250ml Glass)"
"154","2015","Sodium chloride","Injection 0.90%","1548(E)","₹ 26.45(250ml Non-Glass)"
"155","2015","Sodium chloride","Injection 0.90%","1548(E)","₹ 40.97(500ml Glass)"
"156","2015","Sodium chloride","Injection 0.90%","1548(E)","₹ 34.87(500ml Non-Glass)"
"157","2015","Sodium chloride","Injection 0.90%","1548(E)","₹ 73.88(1000ml Glass)"
"158","2015","Sodium chloride","Injection 0.90%","1548(E)","₹ 21.84(100ml Glass)"
"159","2015","Sodium nitrite","Injection 30 mg","1548(E)","₹ 32.35(1 ML)"
"160","2015","Sodium Nitroprusside","Injection 10 mg","1548(E)","₹ 32.15(1 ML)"
"161","2015","Streptokinase","Injection 750000 IU","1548(E)","₹ 1567.42(Each Pack)"
"162","2015","Surfactant","Suspension for intratracheal instillation (As liensed) --","1548(E)","₹ 83.27(Per mg of Phospholipids in the pack)"
"163","2015","TD Vaccine","Each dose of 0.5ml contains:
Diphtheria Toxoid ?25Lf (?
30IU) Tetanus Toxoid ? 5Lf
(? 40IU) 25 LF","1548(E)","₹ 20.00(Each Pack (0.5ml))"
"164","2015","TD Vaccine","Each dose of 0.5ml contains:
Diphtheria Toxoid ?5Lf (?
2IU) Tetanus Toxoid ? 5Lf (?
40IU) 5 LF","1548(E)","₹ 23.33(Each Pack (0.5ml))"
"165","2015","TD Vaccine","Each dose of 0.5ml contains:
Diphtheria Toxoid ?5Lf (?
2IU) Tetanus Toxoid ? 5Lf (?
40IU) 5 LF","1548(E)","₹ 219.25(Each Pack (5 ml))"
"166","2015","Temozolomide","Tablet 100 mg","1548(E)","₹ 1925.59(1 Tablet)"
"167","2015","Timolol","Drops 0.25%","1548(E)","₹ 6.44(1 ML)"
"168","2015","Tramadol","Injection 50 mg","1548(E)","₹ 1.55(20 ML Pack)(1 ML Pack)"
"169","2015","Verapamil","Injection 2.5 mg","1548(E)","₹ 1.46(1 ML)"
"170","2015","Vinblastine","Injection 1 mg","1548(E)","₹ 25.54(1 ML)"
"171","2015","Vitamin A","Capsule 50000 IU","1548(E)","₹ 0.68(1 Capsule)"
"172","2015","Water for Injection","Injection --","1548(E)","₹ 2.89(10 ml Pack)"
"173","2015","Water for Injection","Injection --","1548(E)","₹ 57.40(Each Pack (500 ml))"
"174","2015","Water for Injection","Injection --","1548(E)","₹ 2.79(Each Pack (5 ml))"
"175","2015","Water for Injection","Injection --","1548(E)","₹ 100.74(Each Pack (1000 ml))"
"176","2015","Zidovudine","Capsule 300 mg","1548(E)","₹ 2.57(1 Capsule)"
"177","2015","Zolpidem","Capsule 5 mg","1548(E)","₹ 9.15(1 Capsule)"
"178","2022","5-FLUOROURACIL","INJECTION 250 MG/ 5 ML","1547(E)","₹ 2.04(1 ML)"
"179","2022","6-MERCAPTOPURINE","TABLET 50 MG","1547(E)","₹ 5.26(1 Tablet)"
"180","2022","ABACAVIR","TABLET 300 MG","1547(E)","₹ 48.59(1 Tablet)"
"181","2022","ABACAVIR (A)+LAMIVUDINE (B)","TABLET 600 (A) + 300 MG (B)","1547(E)","₹ 72.32(1 Tablet)"
"182","2022","ACETAZOLAMIDE","TABLET 250 MG","1547(E)","₹ 4.06(1 Tablet)"
"183","2022","ACETAZOLAMIDE SYSTEMIC","CAPSULE 250 MG","1547(E)","₹ 5.05(1 Capsule)"
"184","2022","ACETYLCYSTEINE","INJECTION 200 MG","1547(E)","₹ 23.64(1 ML)"
"185","2022","ACETYLSALICYLIC ACID","EFFERVESCENT/ DISPERSIBLE/
ENTERIC COATED TABLET 150 MG","1547(E)","₹ 0.71(1 Tablet)"
"186","2022","ACICLOVIR","TABLET 800 MG","1547(E)","₹ 37.66(1 Tablet)"
"187","2022","ACICLOVIR","INJECTION 250 MG","1547(E)","₹ 426.40(Each Vial)"
"188","2022","ACICLOVIR","OINTMENT 3 %","1547(E)","₹ 11.67(1 GM)"
"189","2022","ACTINOMYCIN D","POWDER FOR INJECTION 0.5 MG","1547(E)","₹ 331.02(Each Vial)"
"190","2022","ACYCLOVIR","TABLET 200 MG","1547(E)","₹ 7.61(1 Tablet)"
"191","2022","ACYCLOVIR","POWDER FOR INJECTION 500 MG","1547(E)","₹ 528.44(Each Vial)"
"192","2022","ACYCLOVIR","ORAL LIQUID 400 MG/ 5 ML","1547(E)","₹ 1.36(1 ML)"
"193","2022","ACYCLOVIR","TABLET 400 MG","1547(E)","₹ 13.66(1 Tablet)"
"194","2022","ADENOSINE","INJECTION 3 MG","1547(E)","₹ 92.85(1 ML)"
"195","2022","ADRENALINE","INJECTION 1 MG","1547(E)","₹ 12.23(1 ML)"
"196","2022","ALBENDAZOLE","CHEWABLE TABLET 400 MG","1547(E)","₹ 8.13(1 Tablet)"
"197","2022","ALBENDAZOLE","TABLET 400 MG","1547(E)","₹ 7.04(1 Tablet)"
"198","2022","ALBENDAZOLE","ORAL LIQUID 200 MG/ 5 ML","1547(E)","₹ 1.79(1 ML)"
"199","2022","ALLOPURINOL","TABLET 300 MG","1547(E)","₹ 5.63(1 Tablet)"
"200","2022","ALLOPURINOL","TABLET 100 MG","1547(E)","₹ 1.89(1 Tablet)"
"201","2022","ALL ORAL ELECTROLYTES - ORS","SYRUP --","1547(E)","₹ 0.15(1 ML)"
"202","2022","ALPROSTADIL","INJECTION 500 MCG","1547(E)","₹ 6106.74(1 ML)"
"203","2022","AMIKACIN","INJECTION 250 MG","1547(E)","₹ 54.17(1 ML)"
"204","2022","AMIODARONE","INJECTION 50 MG","1547(E)","₹ 21.13(1 ML)"
"205","2022","AMIODARONE","TABLET 100 MG","1547(E)","₹ 6.14(1 Tablet)"
"206","2022","AMIODARONE","TABLET 200 MG","1547(E)","₹ 11.51(1 Tablet)"
"207","2022","AMITRIPTYLINE","TABLET 75 MG","1547(E)","₹ 5.45(1 Tablet)"
"208","2022","AMITRIPTYLINE","TABLET 10 MG","1547(E)","₹ 2.39(1 Tablet)"
"209","2022","AMITRIPTYLINE","TABLET 25 MG","1547(E)","₹ 2.49(1 Tablet)"
"210","2022","AMITRIPTYLINE","TABLET 50 MG","1547(E)","₹ 5.99(1 Tablet)"
"211","2022","AMLODIPINE","TABLET 10 MG","1547(E)","₹ 5.45(1 Tablet)"
"212","2022","AMLODIPINE","TABLET 5 MG","1547(E)","₹ 2.50(1 Tablet)"
"213","2022","AMLODIPINE","TABLET 2.5 MG","1547(E)","₹ 1.79(1 Tablet)"
"214","2022","AMOXICILLIN","ORAL LIQUID 250 MG/ 5 ML","1547(E)","₹ 1.56(1 ML)"
"215","2022","AMOXICILLIN","CAPSULE 500 MG","1547(E)","₹ 7.36(1 Capsule)"
"216","2022","AMOXICILLIN","CAPSULE 250 MG","1547(E)","₹ 2.44(1 Capsule)"
"217","2022","AMOXICILLIN (A) + CLAVULANIC ACID (B)","TABLET 500 MG (A)
+125 MG(B)","1547(E)","₹ 18.30(1 Tablet)"
"218","2022","AMOXYCILLIN","INJECTION 500 MG","1547(E)","₹ 54.65(Each Vial)"
"219","2022","AMOXYCILLIN","INJECTION 250 MG","1547(E)","₹ 24.79(Each Vial)"
"220","2022","AMOXYCILLIN","SUSPENSION 125 MG","1547(E)","₹ 1.02(1 ML)"
"221","2022","AMOXYCILLIN + CLAVULANIC ACID","INJECTION 1000/200 MG","1547(E)","₹ 140.65(Each Vial)"
"222","2022","AMOXYCILLIN + CLAVULANIC ACID","DRY SYRUP 125/31.25 MG","1547(E)","₹ 2.05(1 ML)"
"223","2022","AMOXYCILLIN + CLAVULANIC ACID","ORAL SUSPENSION 200/28.5 MG","1547(E)","₹ 2.02(1 ML)"
"224","2022","AMOXYCILLIN + CLAVULANIC ACID","INJECTION 500/100 MG","1547(E)","₹ 101.34(Each Vial)"
"225","2022","AMPHOTERICIN B - CONVENTIONAL","INJECTION 50 MG","1547(E)","₹ 227.40(Each Vial)"
"226","2022","AMPICILLIN","POWDER FOR INJECTION 500 MG","1547(E)","₹ 14.25(Each Vial)"
"227","2022","ANTI RABIES VACCINE - ARV","VACCINE --","1547(E)","₹ 378.71(Each Vial)"
"228","2022","ARSENIC TRIOXIDE","INJECTION 1 MG","1547(E)","₹ 30.54(1 ML)"
"229","2022","ARTEMETHER (A)+LUMEFANTRINE (B)","TABLET 80 MG(A) + 480
MG(B)","1547(E)","₹ 25.51(1 Tablet)"
"230","2022","ARTEMETHER (A)+LUMEFANTRINE (B)","TABLET 40 MG(A) + 240
MG(B)","1547(E)","₹ 18.04(1 Tablet)"
"231","2022","ARTEMETHER + LUMEFANTRINE","TABLET 20/120 MG","1547(E)","₹ 12.65(1 Tablet)"
"232","2022","ARTESUNATE","POWDER FOR INJECTION 120 MG","1547(E)","₹ 454.43(Each Vial)"
"233","2022","ARTESUNATE","POWDER FOR INJECTION 60 MG","1547(E)","₹ 244.73(Each Vial)"
"234","2022","ARTESUNATE + SULFADOXINE + PYRIMETHAMINE","KIT 50/500/25 MG","1547(E)","₹ 22.55(Combi Pack)"
"235","2022","ASCORBIC ACID (VITAMIN C)","TABLET 500 MG","1547(E)","₹ 1.48(1 Tablet)"
"236","2022","ASCORBIC ACID (VITAMIN C)","TABLET 100 MG","1547(E)","₹ 0.24(1 Tablet)"
"237","2022","ASPIRIN","TABLET 325 MG","1547(E)","₹ 0.67(1 Tablet)"
"238","2022","ASPIRIN","TABLET DT 75 MG","1547(E)","₹ 0.35(1 Tablet)"
"239","2022","ATAZANAVIR (A)+RITONAVIR (B)","TABLET 300 MG(A) + 100
MG(B)","1547(E)","₹ 99.82(1 Tablet)"
"240","2022","ATORVASTATIN","TABLET 20 MG","1547(E)","₹ 12.56(1 Tablet)"
"241","2022","ATORVASTATIN","TABLET 40 MG","1547(E)","₹ 19.30(1 Tablet)"
"242","2022","ATORVASTATIN","TABLET 10 MG","1547(E)","₹ 4.94(1 Tablet)"
"243","2022","ATORVASTATIN","TABLET 80 MG","1547(E)","₹ 40.58(1 Tablet)"
"244","2022","ATRACURIUM","INJECTION 10 MG","1547(E)","₹ 16.98(1 ML)"
"245","2022","ATROPINE","INJECTION 0.6 MG/ ML","1547(E)","₹ 4.57(1 ML)"
"246","2022","ATROPINE EYE DROPS / OINTMENT","DROPS 1 %","1547(E)","₹ 3.94(1 ML)"
"247","2022","ATROPINE EYE DROPS / OINTMENT","OINTMENT 1 %","1547(E)","₹ 4.71(1 GM)"
"248","2022","AZATHIOPRINE","TABLET 50 MG","1547(E)","₹ 11.26(1 Tablet)"
"249","2022","AZATHIOPRINE","TABLET 25 MG","1547(E)","₹ 7.24(1 Tablet)"
"250","2022","AZITHROMYCIN","TABLET 1000 MG","1547(E)","₹ 57.78(1 Tablet)"
"251","2022","AZITHROMYCIN","CAPSULE 250 MG","1547(E)","₹ 10.62(1 Capsule)"
"252","2022","AZITHROMYCIN","CAPSULE 500 MG","1547(E)","₹ 19.03(1 Capsule)"
"253","2022","AZITHROMYCIN","ORAL LIQUID 200 MG/ 5 ML","1547(E)","₹ 3.41(1 ML)"
"254","2022","AZITHROMYCIN","TABLET 500 MG","1547(E)","₹ 23.57(1 Tablet)"
"255","2022","AZITHROMYCIN","TABLET 250 MG","1547(E)","₹ 11.65(1 Tablet)"
"256","2022","AZITHROMYCIN","INJECTION 500 MG","1547(E)","₹ 204.72(Each Vial)"
"257","2022","BACLOFEN","TABLET 5 MG","1547(E)","₹ 6.37(1 Tablet)"
"258","2022","BACLOFEN","TABLET 10 MG","1547(E)","₹ 11.90(1 Tablet)"
"259","2022","BACLOFEN","TABLET 20 MG","1547(E)","₹ 16.28(1 Tablet)"
"260","2022","BENDAMUSTINE","INJECTION 100 MG","1547(E)","₹ 4946.80(Each Vial)"
"261","2022","BENZATHINE BENZYLPENICILLIN","POWDER FOR INJECTION 600000 IU","1547(E)","₹ 11.69(Each Vial)"
"262","2022","BENZATHINE BENZYLPENICILLIN","POWDER FOR INJECTION 1200000 IU","1547(E)","₹ 19.81(Each Vial)"
"263","2022","BENZOYL PEROXIDE","GEL 5 %","1547(E)","₹ 7.97(1 GM)"
"264","2022","BENZOYL PEROXIDE","GEL 3.5 %","1547(E)","₹ 10.11(1 GM)"
"265","2022","BENZOYL PEROXIDE","GEL 2.5 %","1547(E)","₹ 3.62(1 GM)"
"266","2022","BETAMETHASONE","CREAM 0.1 %","1547(E)","₹ 1.04(1 GM)"
"267","2022","BETAMETHASONE","CREAM 0.05 %","1547(E)","₹ 0.67(1 GM)"
"268","2022","BETAMETHASONE","INJECTION 4 MG","1547(E)","₹ 4.74(1 ML)"
"269","2022","BICALUTAMIDE","TABLET 50 MG","1547(E)","₹ 43.30(1 Tablet)"
"270","2022","BISACODYL","TABLET 5 MG","1547(E)","₹ 1.17(1 Tablet)"
"271","2022","BISACODYL","SUPPOSITORY 5 MG","1547(E)","₹ 9.98(1 Suppository)"
"272","2022","BLEOMYCIN","INJECTION 15 IU","1547(E)","₹ 677.40(Each Vial)"
"273","2022","BORTEZOMIB","POWDER FOR INJECTION 2 MG","1547(E)","₹ 5260.49(Each Vial)"
"274","2022","BUDESONIDE","NASAL SPRAY 50 MCG","1547(E)","₹ 11.90(1 ML)"
"275","2022","BUDESONIDE","INHALER 200 MCG","1547(E)","₹ 2.03(Per Metered Dose)"
"276","2022","BUDESONIDE","INHALER 200 MCG","1547(E)","₹ 3.33(Per Dose)"
"277","2022","BUDESONIDE","INHALER 100 MCG","1547(E)","₹ 1.41(Per Metered Dose)"
"278","2022","BUDESONIDE","INHALER 100 MCG","1547(E)","₹ 13.14(1 ML)"
"279","2022","BUDESONIDE NASAL SPRAY","NASAL SPRAY 100 MCG","1547(E)","₹ 0.81(Per Dose)"
"280","2022","BUPIVACAINE","INJECTION 0.5 %","1547(E)","₹ 4.42(1 ML)"
"281","2022","BUPIVACAINE","INJECTION 0.25 %","1547(E)","₹ 2.83(1 ML)"
"282","2022","BUPIVACAINE","INJECTION 0.5% with 7.5% Glucose","1547(E)","₹ 7.39(1 ML)"
"283","2022","BUPRENORPHINE","TABLET 0.4 MG","1547(E)","₹ 9.43(1 Tablet)"
"284","2022","BUPRENORPHINE + NALOXONE","TABLET 2/0.5 MG","1547(E)","₹ 36.98(1 Tablet)"
"285","2022","BUPRENORPHINE + NALOXONE","TABLET 0.4/0.1 MG","1547(E)","₹ 11.82(1 Tablet)"
"286","2022","CAFFEINE","INJECTION 20 MG/ML","1547(E)","₹ 250.50(1 ML)"
"287","2022","CAFFEINE","ORAL LIQUID 20 MG/ML","1547(E)","₹ 245.68(1 ML)"
"288","2022","CALAMINE","LOTION --","1547(E)","₹ 0.95(1 ML)"
"289","2022","CALCIUM FOLINATE","TABLET 15 MG","1547(E)","₹ 47.54(1 Tablet)"
"290","2022","CAPECITABINE","TABLET 500 MG","1547(E)","₹ 112.72(1 Tablet)"
"291","2022","CARBAMAZEPINE","ORAL LIQUID 100 MG/ 5 ML","1547(E)","₹ 0.31(1 ML)"
"292","2022","CARBAMAZEPINE","MODIFIED RELEASE TABLET 400 MG","1547(E)","₹ 4.66(1 Tablet)"
"293","2022","CARBAMAZEPINE","TABLET 100 MG","1547(E)","₹ 1.07(1 Tablet)"
"294","2022","CARBAMAZEPINE","TABLET 400 MG","1547(E)","₹ 3.55(1 Tablet)"
"295","2022","CARBAMAZEPINE","TABLET 200 MG","1547(E)","₹ 1.57(1 Tablet)"
"296","2022","CARBAMAZEPINE","MODIFIED RELEASE TABLET 200 MG","1547(E)","₹ 2.40(1 Tablet)"
"297","2022","CARBIMAZOLE","TABLET 10 MG","1547(E)","₹ 4.26(1 Tablet)"
"298","2022","CARBIMAZOLE","TABLET 20 MG","1547(E)","₹ 13.87(1 Tablet)"
"299","2022","CARBIMAZOLE","TABLET 5 MG","1547(E)","₹ 2.19(1 Tablet)"
"300","2022","CARBOPLATIN","INJECTION 10 MG","1547(E)","₹ 59.07(1 ML)"
"301","2022","CARBOXY METHYL CELLULOSE","EYE DROPS 1 %","1547(E)","₹ 16.58(1 ML)"
"302","2022","CARBOXY METHYL CELLULOSE","DROPS 0.5 %","1547(E)","₹ 12.30(1 ML)"
"303","2022","CEFADROXIL","TABLET 500 MG","1547(E)","₹ 4.47(1 Tablet)"
"304","2022","CEFADROXIL","SUSPENSION 125 MG","1547(E)","₹ 0.68(1 ML)"
"305","2022","CEFIXIME","ORAL SUSPENSION 50 MG","1547(E)","₹ 1.63(1 ML)"
"306","2022","CEFIXIME","CAPSULE 200 MG","1547(E)","₹ 14.68(1 Capsule)"
"307","2022","CEFIXIME","TABLET 200 MG","1547(E)","₹ 9.78(1 Tablet)"
"308","2022","CEFIXIME","TABLET 400 MG","1547(E)","₹ 22.10(1 Tablet)"
"309","2022","CEFIXIME","ORAL LIQUID 100 MG/ 5 ML","1547(E)","₹ 2.39(1 ML)"
"310","2022","CEFOTAXIME","POWDER FOR INJECTION 250 MG","1547(E)","₹ 17.72(Each Vial)"
"311","2022","CEFOTAXIME","POWDER FOR INJECTION 500 MG","1547(E)","₹ 24.38(Each Vial)"
"312","2022","CEFOTAXIME","POWDER FOR INJECTION 1000 MG","1547(E)","₹ 39.96(Each Vial)"
"313","2022","CEFTAZIDIME","POWDER FOR INJECTION 1000 MG","1547(E)","₹ 227.02(Each Vial)"
"314","2022","CEFTAZIDIME","POWDER FOR INJECTION 250 MG","1547(E)","₹ 79.07(Each Vial)"
"315","2022","CEFTRIAXONE","POWDER FOR INJECTION 500 MG","1547(E)","₹ 50.28(Each Vial)"
"316","2022","CEFTRIAXONE","POWDER FOR INJECTION 2000 MG","1547(E)","₹ 138.11(Each Vial)"
"317","2022","CEFTRIAXONE","POWDER FOR INJECTION 250 MG","1547(E)","₹ 28.34(Each Vial)"
"318","2022","CEFTRIAXONE","POWDER FOR INJECTION 1000 MG","1547(E)","₹ 62.38(Each Vial)"
"319","2022","CEFUROXIME","ORAL SUSPENSION 125 MG","1550(E)","₹ 5.31(1 ML)( Pack)"
"320","2022","CEFUROXIME","TABLET 500 MG","1547(E)","₹ 51.43(1 Tablet)"
"321","2022","CEFUROXIME","INJECTION 1500 MG","1547(E)","₹ 338.75(Each Vial)"
"322","2022","CETIRIZINE","TABLET 10 MG","1547(E)","₹ 1.88(1 Tablet)"
"323","2022","CETIRIZINE","SUSPENSION 5 MG","1547(E)","₹ 0.66(1 ML)"
"324","2022","CHLORAMBUCIL","TABLET 5 MG","1547(E)","₹ 77.21(1 Tablet)"
"325","2022","CHLORAMBUCIL","TABLET 2 MG","1547(E)","₹ 31.16(1 Tablet)"
"326","2022","CHLOROQUINE","TABLET 150 MG","1547(E)","₹ 1.17(1 Tablet)"
"327","2022","CHLOROQUINE","SUSPENSION 50 MG","1547(E)","₹ 0.34(1 ML)"
"328","2022","CIPROFLOXACIN","ORAL SUSPENSION 250 MG","1547(E)","₹ 0.74(1 ML)"
"329","2022","CIPROFLOXACIN","TABLET 250 MG","1547(E)","₹ 2.20(1 Tablet)"
"330","2022","CIPROFLOXACIN","DROPS 0.3 %","1547(E)","₹ 1.54(1 ML)"
"331","2022","CIPROFLOXACIN","OINTMENT 0.3 %","1547(E)","₹ 1.29(1 GM)"
"332","2022","CIPROFLOXACIN","INJECTION 200 MG/ 100 ML","1547(E)","₹ 0.20(1 ML)"
"333","2022","CIPROFLOXACIN","TABLET 500 MG","1547(E)","₹ 4.25(1 Tablet)"
"334","2022","CISPLATIN","INJECTION 1 MG","1547(E)","₹ 7.09(1 ML)"
"335","2022","CLARITHROMYCIN","TABLET 250 MG","1547(E)","₹ 23.89(1 Tablet)"
"336","2022","CLARITHROMYCIN","TABLET 500 MG","1547(E)","₹ 39.84(1 Tablet)"
"337","2022","CLARITHROMYCIN","SUSPENSION 125 MG","1547(E)","₹ 4.61(1 ML)"
"338","2022","CLINDAMYCIN","TABLET 300 MG","1547(E)","₹ 18.97(1 Tablet)"
"339","2022","CLINDAMYCIN","INJECTION 150 MG","1547(E)","₹ 60.60(1 ML)"
"340","2022","CLINDAMYCIN","CAPSULE 300 MG","1547(E)","₹ 28.37(1 Capsule)"
"341","2022","CLINDAMYCIN","CAPSULE 150 MG","1547(E)","₹ 16.36(1 Capsule)"
"342","2022","CLOBAZAM","TABLET 10 MG","1547(E)","₹ 9.84(1 Tablet)"
"343","2022","CLOBAZAM","TABLET 5 MG","1547(E)","₹ 5.73(1 Tablet)"
"344","2022","CLOFAZIMINE","CAPSULE 50 MG","1547(E)","₹ 2.11(1 Capsule)"
"345","2022","CLOFAZIMINE","CAPSULE 100 MG","1547(E)","₹ 3.98(1 Capsule)"
"346","2022","CLOMIFENE","CAPSULE 100 MG","1547(E)","₹ 51.14(1 Capsule)"
"347","2022","CLOMIFENE","CAPSULE 50 MG","1547(E)","₹ 27.37(1 Capsule)"
"348","2022","CLOMIPHENE","TABLET 50 MG","1547(E)","₹ 8.84(1 Tablet)"
"349","2022","CLOMIPHENE","TABLET 100 MG","1547(E)","₹ 13.95(1 Tablet)"
"350","2022","CLOMIPRAMINE","TABLET 75 MG","1547(E)","₹ 16.46(1 Tablet)"
"351","2022","CLOMIPRAMINE","TABLET 10 MG","1547(E)","₹ 2.85(1 Tablet)"
"352","2022","CLOMIPRAMINE","TABLET 25 MG","1547(E)","₹ 6.22(1 Tablet)"
"353","2022","CLONAZEPAM","TABLET 1 MG","1547(E)","₹ 4.77(1 Tablet)"
"354","2022","CLONAZEPAM","TABLET 0.5 MG","1547(E)","₹ 3.45(1 Tablet)"
"355","2022","CLONAZEPAM","TABLET 0.25 MG","1547(E)","₹ 2.02(1 Tablet)"
"356","2022","CLOPIDOGREL","TABLET 75 MG","1547(E)","₹ 6.66(1 Tablet)"
"357","2022","CLOPIDOGREL","TABLET 150 MG","1547(E)","₹ 20.48(1 Tablet)"
"358","2022","CLOTRIMAZOLE","PESSARY 100 MG","1547(E)","₹ 10.01(1 Pessary)"
"359","2022","CLOTRIMAZOLE","CREAM 1 %","1547(E)","₹ 3.00(1 GM)"
"360","2022","CLOTRIMAZOLE","EAR DROPS 1 %","1547(E)","₹ 3.37(1 ML)"
"361","2022","CLOTRIMAZOLE","LOTION 1 %","1547(E)","₹ 3.89(1 ML)"
"362","2022","CLOZAPINE","TABLET 100 MG","1547(E)","₹ 8.45(1 Tablet)"
"363","2022","CLOZAPINE","TABLET 50 MG","1547(E)","₹ 5.19(1 Tablet)"
"364","2022","CLOZAPINE","TABLET 25 MG","1547(E)","₹ 2.78(1 Tablet)"
"365","2022","COLCHICINE","TABLET 0.5 MG","1547(E)","₹ 3.26(1 Tablet)"
"366","2022","CO-TRIMOXAZOLE (SULPHAMETHOXAZOLE(A)+TRIMETHOPRIM(B)]","TABLET 400 MG(A)+80
MG(B)","1547(E)","₹ 0.90(1 Tablet)"
"367","2022","CO-TRIMOXAZOLE (SULPHAMETHOXAZOLE(A)+TRIMETHOPRIM(B)]","TABLET 800 MG(A)+160
MG(B)","1547(E)","₹ 2.30(1 Tablet)"
"368","2022","CYCLOPHOSPHAMIDE","TABLET 50 MG","1547(E)","₹ 3.73(1 Tablet)"
"369","2022","CYCLOPHOSPHAMIDE","POWDER FOR INJECTION 500 MG","1547(E)","₹ 73.48(Each Vial)"
"370","2022","CYCLOSERINE","TABLET 250 MG","1547(E)","₹ 46.01(1 Tablet)"
"371","2022","CYCLOSERINE","CAPSULE 250 MG","1547(E)","₹ 59.19(1 Capsule)"
"372","2022","CYCLOSPORINE","CAPSULE 100 MG","1547(E)","₹ 103.11(1 Capsule)"
"373","2022","CYCLOSPORINE","CAPSULE 50 MG","1547(E)","₹ 55.11(1 Capsule)"
"374","2022","CYCLOSPORINE","CAPSULE 25 MG","1547(E)","₹ 28.04(1 Capsule)"
"375","2022","CYCLOSPORINE","ORAL LIQUID 100 MG/ML","1547(E)","₹ 80.58(1 ML)"
"376","2022","Cytosine arabinoside","INJECTION 1000 MG","1547(E)","₹ 1130.33(Each Vial)"
"377","2022","Cytosine arabinoside","INJECTION 100 MG","1547(E)","₹ 139.58(Each Vial)"
"378","2022","Cytosine arabinoside","INJECTION 500 MG","1547(E)","₹ 536.32(Each Vial)"
"379","2022","DABIGATRAN","CAPSULE 150 MG","1547(E)","₹ 35.59(1 Capsule)"
"380","2022","DABIGATRAN","CAPSULE 110 MG","1547(E)","₹ 31.81(1 Capsule)"
"381","2022","DACARBAZINE","POWDER FOR INJECTION 500 MG","1547(E)","₹ 518.82(Each Vial)"
"382","2022","DACARBAZINE","POWDER FOR INJECTION 200 MG","1547(E)","₹ 381.75(Each Vial)"
"383","2022","DACLATASVIR","TABLET 60 MG","1547(E)","₹ 199.97(1 Tablet)"
"384","2022","DAPSONE","TABLET 100 MG","1547(E)","₹ 0.41(1 Tablet)"
"385","2022","DARUNAVIR","TABLET 600 MG","1547(E)","₹ 154.43(1 Tablet)"
"386","2022","DARUNAVIR + RITONAVIR","TABLET 600/100 MG","1547(E)","₹ 146.45(1 Tablet)"
"387","2022","DESFERRIOXAMINE","POWDER FOR INJECTION 500 MG","1547(E)","₹ 188.65(Each Vial)"
"388","2022","DEXAMETHASONE","INJECTION 4 MG/ML","1547(E)","₹ 2.57(1 ML)"
"389","2022","DEXAMETHASONE","INJECTION 4 MG/ML","1547(E)","₹ 0.90(Each Pack (30 ml))"
"390","2022","DEXAMETHASONE","INJECTION 4 MG/ML","1547(E)","₹ 1.35(Each Pack (20 ml))"
"391","2022","DEXAMETHASONE","INJECTION 4 MG/ML","1547(E)","₹ 5.09(2 ML Pack)"
"392","2022","DEXAMETHASONE","INJECTION 4 MG/ML","1547(E)","₹ 1.57(10 ml Pack)"
"393","2022","DEXAMETHASONE","TABLET 4 MG","1547(E)","₹ 4.62(1 Tablet)"
"394","2022","DEXAMETHASONE","TABLET 0.5 MG","1547(E)","₹ 0.22(1 Tablet)"
"395","2022","DIAZEPAM","SUPPOSITORY 5 MG","1547(E)","₹ 6.19(1 Suppository)"
"396","2022","DIAZEPAM","TABLET 2 MG","1547(E)","₹ 1.44(1 Tablet)"
"397","2022","DIAZEPAM","TABLET 5 MG","1547(E)","₹ 1.63(1 Tablet)"
"398","2022","DIAZEPAM","INJECTION 5 MG/ML","1547(E)","₹ 5.54(1 ML)"
"399","2022","DICLOFENAC","TABLET 50 MG","1547(E)","₹ 2.05(1 Tablet)"
"400","2022","DICLOFENAC","INJECTION 25 MG/ML","1547(E)","₹ 1.69(1 ML)"
"401","2022","DICYCLOMINE","INJECTION 10 MG","1547(E)","₹ 3.32(1 ML (Less than 10 ML Pack))"
"402","2022","DICYCLOMINE","INJECTION 10 MG","1547(E)","₹ 2.10(1 ML (10 ML & more pack))"
"403","2022","DIETHYLCARBAMAZINE","TABLET 50 MG","1547(E)","₹ 0.56(1 Tablet)"
"404","2022","DIETHYLCARBAMAZINE","TABLET 100 MG","1547(E)","₹ 1.67(1 Tablet)"
"405","2022","DIETHYLCARBAMAZINE","SYRUP 120 MG","1547(E)","₹ 0.48(1 ML)"
"406","2022","DIGOXIN","TABLET 0.25 MG","1547(E)","₹ 1.33(1 Tablet)"
"407","2022","DIGOXIN","INJECTION 0.25 MG/ML","1547(E)","₹ 3.87(1 ML)"
"408","2022","DIGOXIN","ORAL LIQUID 0.05 MG/ML","1547(E)","₹ 1.47(1 ML)"
"409","2022","DILTIAZEM","TABLET 30 MG","1547(E)","₹ 2.68(1 Tablet)"
"410","2022","DILTIAZEM","INJECTION 5 MG/ML","1547(E)","₹ 3.50(1 ML)"
"411","2022","DILTIAZEM","TABLET 60 MG","1547(E)","₹ 5.46(1 Tablet)"
"412","2022","DINOPROSTONE","GEL 0.5 MG","1547(E)","₹ 84.72(1 GM)"
"413","2022","DOBUTAMINE","INJECTION 50 MG/ML","1547(E)","₹ 9.03(1 ML)"
"414","2022","DOCETAXEL","POWDER FOR INJECTION 20 MG","1547(E)","₹ 2868.38(Each Vial)"
"415","2022","DOCETAXEL","POWDER FOR INJECTION 80 MG","1547(E)","₹ 10333.68(Each Vial)"
"416","2022","DOLUTEGRAVIR","TABLET 50 MG","1547(E)","₹ 112.78(1 Tablet)"
"417","2022","DOLUTEGRAVIR + LAMIVUDINE + TENOFOVIR","TABLET 50/300/300 MG","1547(E)","₹ 114.98(1 Tablet)"
"418","2022","DOMPERIDONE","TABLET 10 MG","1547(E)","₹ 2.31(1 Tablet)"
"419","2022","DOMPERIDONE","ORAL LIQUID 1 MG/ML","1547(E)","₹ 1.24(1 ML)"
"420","2022","DONEPEZIL","TABLET 10 MG","1547(E)","₹ 17.46(1 Tablet)"
"421","2022","DONEPEZIL","TABLET 5 MG","1547(E)","₹ 12.11(1 Tablet)"
"422","2022","DOPAMINE","INJECTION 40 MG/ML","1547(E)","₹ 4.77(1 ML)"
"423","2022","DOXORUBICIN","INJECTION 2 MG/ML","1547(E)","₹ 31.75(1 ML)"
"424","2022","DOXYCYCLINE","TABLET 100 MG","1547(E)","₹ 1.22(1 Tablet)"
"425","2022","DOXYCYCLINE","CAPSULE 100 MG","1547(E)","₹ 3.08(1 Capsule)"
"426","2022","DOXYCYCLINE","INJECTION 100 MG","1547(E)","₹ 502.63(Each Vial)"
"427","2022","DPT + Hib + Hep B","VACCINE --","1547(E)","₹ 75.65(Per 0.1 ml)"
"428","2022","EFAVIRENZ","TABLET 600 MG","1547(E)","₹ 70.59(1 Tablet)"
"429","2022","EFAVIRENZ","CAPSULE 200 MG","1547(E)","₹ 21.98(1 Capsule)"
"430","2022","EFAVIRENZ","TABLET 200 MG","1547(E)","₹ 22.54(1 Tablet)"
"431","2022","ENALAPRIL","TABLET 5 MG","1547(E)","₹ 3.70(1 Tablet)"
"432","2022","ENALAPRIL","TABLET 2.5 MG","1547(E)","₹ 2.19(1 Tablet)"
"433","2022","ENOXAPARIN","INJECTION 60 MG/ 0.6 ML","1547(E)","₹ 111.98(0.1 ml)"
"434","2022","ENOXAPARIN","INJECTION 40 MG/ 0.4 ML","1547(E)","₹ 111.98(0.1 ml)"
"435","2022","ENTECAVIR","TABLET 0.5 MG","1547(E)","₹ 84.44(1 Tablet)"
"436","2022","ENTECAVIR","TABLET 1 MG","1547(E)","₹ 130.23(1 Tablet)"
"437","2022","ERYTHROPOIETIN","INJECTION 2000 IU/ML","1547(E)","₹ 549.58(1 ML)"
"438","2022","ERYTHROPOIETIN","INJECTION 10000 IU/ML","1547(E)","₹ 1969.10(1 ML)"
"439","2022","ESCITALOPRAM","TABLET 10 MG","1547(E)","₹ 9.00(1 Tablet)"
"440","2022","ESCITALOPRAM","TABLET 20 MG","1547(E)","₹ 14.36(1 Tablet)"
"441","2022","ESCITALOPRAM","TABLET 5 MG","1547(E)","₹ 5.02(1 Tablet)"
"442","2022","ESMOLOL","INJECTION 10 MG/ML","1547(E)","₹ 26.38(1 ML)"
"443","2022","ETHAMBUTOL","TABLET 800 MG","1547(E)","₹ 4.96(1 Tablet)"
"444","2022","ETHAMBUTOL","TABLET 200 MG","1547(E)","₹ 1.14(1 Tablet)"
"445","2022","ETHAMBUTOL","TABLET 400 MG","1547(E)","₹ 2.61(1 Tablet)"
"446","2022","ETHAMBUTOL","TABLET 600 MG","1547(E)","₹ 4.08(1 Tablet)"
"447","2022","ETHINYLESTRADIOL (A)+LEVONORGESTREL (B)","TABLET 0.03 MG(A) + 0.15
MG(B)","1547(E)","₹ 3.17(1 Tablet)"
"448","2022","ETHIONAMIDE","TABLET 250 MG","1547(E)","₹ 14.81(1 Tablet)"
"449","2022","ETOPOSIDE","INJECTION 20 MG/ML","1547(E)","₹ 34.51(1 ML)"
"450","2022","ETOPOSIDE","CAPSULE 50 MG","1547(E)","₹ 56.63(1 Capsule)"
"451","2022","FENTANYL","INJECTION 50 MCG/ML","1547(E)","₹ 20.96(1 ML)"
"452","2022","FILGRASTIM","INJECTION 300 MCG","1547(E)","₹ 1159.97(Each Vial)"
"453","2022","FLUCONAZOLE","TABLET 150 MG","1547(E)","₹ 12.06(1 Tablet)"
"454","2022","FLUCONAZOLE","TABLET 100 MG","1547(E)","₹ 7.62(1 Tablet)"
"455","2022","FLUCONAZOLE","TABLET 400 MG","1547(E)","₹ 29.75(1 Tablet)"
"456","2022","FLUCONAZOLE","TABLET 200 MG","1547(E)","₹ 17.46(1 Tablet)"
"457","2022","FLUCONAZOLE","TABLET 50 MG","1547(E)","₹ 9.68(1 Tablet)"
"458","2022","FLUCONAZOLE","INJECTION 200 MG/ 100 ML","1547(E)","₹ 92.32(Each Vial)"
"459","2022","FLUCONAZOLE","CAPSULE 200 MG","1547(E)","₹ 40.11(1 Capsule)"
"460","2022","FLUCONAZOLE","CAPSULE 150 MG","1547(E)","₹ 19.22(1 Capsule)"
"461","2022","FLUCONAZOLE","CAPSULE 100 MG","1547(E)","₹ 21.40(1 Capsule)"
"462","2022","FLUDROCORTISONE","TABLET 100 MCG","1547(E)","₹ 13.20(1 Tablet)"
"463","2022","FLUNARIZINE","TABLET 5 MG","1547(E)","₹ 2.48(1 Tablet)"
"464","2022","FLUNARIZINE","TABLET 10 MG","1547(E)","₹ 4.82(1 Tablet)"
"465","2022","FLUOXETINE","TABLET 10 MG","1547(E)","₹ 2.78(1 Tablet)"
"466","2022","FLUOXETINE","CAPSULE 10 MG","1547(E)","₹ 3.32(1 Capsule)"
"467","2022","FLUOXETINE","TABLET 20 MG","1547(E)","₹ 4.15(1 Tablet)"
"468","2022","FLUOXETINE","TABLET 40 MG","1547(E)","₹ 5.56(1 Tablet)"
"469","2022","FLUOXETINE","CAPSULE 40 MG","1547(E)","₹ 6.49(1 Capsule)"
"470","2022","FLUOXETINE","TABLET 60 MG","1547(E)","₹ 8.25(1 Tablet)"
"471","2022","FLUOXETINE","CAPSULE 20 MG","1547(E)","₹ 3.99(1 Capsule)"
"472","2022","FLUOXETINE","CAPSULE 60 MG","1547(E)","₹ 11.10(1 Capsule)"
"473","2022","FLUPHENAZINE","INJECTION 25 MG","1547(E)","₹ 55.26(1 ML)"
"474","2022","FOLIC ACID","CAPSULE 5 MG","1547(E)","₹ 5.04(1 Capsule)"
"475","2022","FOLIC ACID","TABLET 5 MG","1547(E)","₹ 1.51(1 Tablet)"
"476","2022","FORMOTERAL + BUDESONIDE","INHALER 6/100 MCG","1547(E)","₹ 2.12(Per Metered Dose)"
"477","2022","FORMOTERAL + BUDESONIDE","INHALER 6/400 MCG","1547(E)","₹ 6.62(Per Dose)"
"478","2022","FORMOTERAL + BUDESONIDE","INHALER 6/200 MCG","1547(E)","₹ 5.72(Per Dose)"
"479","2022","FORMOTERAL + BUDESONIDE","CAPSULE 6/100 MCG","1547(E)","₹ 4.32(Per Dose)"
"480","2022","FRAMYCETIN","CREAM 1 %","1547(E)","₹ 1.66(1 GM)"
"481","2022","FUROSEMIDE","TABLET 40 MG","1547(E)","₹ 0.91(1 Tablet)"
"482","2022","FUROSEMIDE","ORAL LIQUID 10 MG/ML","1547(E)","₹ 3.32(1 ML)"
"483","2022","FUROSEMIDE","INJECTION 10 MG/ML","1547(E)","₹ 2.99(1 ML)"
"484","2022","FUSIDIC ACID","CREAM 2 %","1547(E)","₹ 9.83(1 GM)"
"485","2022","GEFITINIB","TABLET 250 MG","1547(E)","₹ 237.14(1 Tablet)"
"486","2022","GEMCITABINE","POWDER FOR INJECTION 1000 MG","1547(E)","₹ 5592.54(Each Vial)"
"487","2022","GEMCITABINE","POWDER FOR INJECTION 200 MG","1547(E)","₹ 1299.80(Each Vial)"
"488","2022","GENTAMICIN","INJECTION 40 MG","1547(E)","₹ 1.55(Each Pack (20 ml))"
"489","2022","GENTAMICIN","INJECTION 10 MG","1547(E)","₹ 2.41(1 ML)"
"490","2022","GENTAMICIN","INJECTION 40 MG","1547(E)","₹ 2.90(1 ML)"
"491","2022","GENTAMICIN","INJECTION 40 MG","1547(E)","₹ 4.85(2 ML Pack)"
"492","2022","GENTAMICIN","INJECTION 40 MG","1547(E)","₹ 1.23(Each Pack (30 ml))"
"493","2022","GENTAMICIN","INJECTION 40 MG","1547(E)","₹ 1.51(Each Pack (10 ML))"
"494","2022","GLARGINE","DISPOSABLE PEN 100 IU","1547(E)","₹ 244.14(1 ML)"
"495","2022","GLARGINE","INJECTION 100 IU","1547(E)","₹ 203.46(1 ML)"
"496","2022","GLIMEPIRIDE","TABLET 1 MG","1547(E)","₹ 3.70(1 Tablet)"
"497","2022","GLIMEPIRIDE","TABLET 2 MG","1547(E)","₹ 5.80(1 Tablet)"
"498","2022","GLUCOSE","INFUSION 25 %","1547(E)","₹ 0.20(1 ML)"
"499","2022","GLYCEROL","LOTION 15 %","1547(E)","₹ 1.23(1 ML)"
"500","2022","GLYCEROL","CREAM 15 %","1547(E)","₹ 2.37(1 GM)"
"501","2022","GLYCERYL TRINITRATE","SUBLINGUAL TABLET 0.5 MG","1547(E)","₹ 1.27(1 Tablet)"
"502","2022","GLYCERYL TRINITRATE","INJECTION 5 MG/ML","1547(E)","₹ 6.19(1 ML)"
"503","2022","GLYCOPYRROLATE","INJECTION 0.2 MG/ML","1547(E)","₹ 14.53(1 ML)"
"504","2022","GRISEOFULVIN","TABLET 250 MG","1547(E)","₹ 1.77(1 Tablet)"
"505","2022","HALOPERIDOL","INJECTION 5 MG/ML","1547(E)","₹ 6.51(1 ML)"
"506","2022","HALOPERIDOL","TABLET 10 MG","1547(E)","₹ 4.78(1 Tablet)"
"507","2022","HALOPERIDOL","TABLET 1.5 MG","1547(E)","₹ 1.58(1 Tablet)"
"508","2022","HALOPERIDOL","TABLET 20 MG","1547(E)","₹ 5.36(1 Tablet)"
"509","2022","HALOPERIDOL","LIQUID 2 MG","1547(E)","₹ 2.24(1 ML)"
"510","2022","HALOPERIDOL","TABLET 5 MG","1547(E)","₹ 3.57(1 Tablet)"
"511","2022","HALOTHANE","LIQUID 100 %","1547(E)","₹ 6.10(1 ML)"
"512","2022","HEPATITIS B","VACCINE --","1547(E)","₹ 78.82(1 ML)"
"513","2022","HEPATITIS IMMUNOGLOBULIN","INJECTION --","1547(E)","₹ 5498.70(Each Vial)"
"514","2022","HOMATROPINE EYE DROPS / OINTMENT","EYE DROPS 2 %","1547(E)","₹ 6.40(1 ML)"
"515","2022","HORMONE RELEASING IUD","DEVICE CONTAINS 52 MGOF
LEVONORGESTREL","1547(E)","₹ 4103.52(1 IUD)"
"516","2022","HUMAN CHORIONIC GONADOTROPIN","INJECTION 10000 IU","1547(E)","₹ 928.30(Each Vial)"
"517","2022","HUMAN CHORIONIC GONADOTROPIN","INJECTION 5000 IU/ML","1547(E)","₹ 417.47(Each Vial)"
"518","2022","HUMAN CHORIONIC GONADOTROPIN","INJECTION 2000 IU","1547(E)","₹ 343.65(Each Vial)"
"519","2022","HUMAN PREMIX INSULIN","INJECTION 40 IU","1547(E)","₹ 16.99(1 ML)"
"520","2022","HYDROCHLOROTHIAZIDE","TABLET 25 MG","1547(E)","₹ 1.75(1 Tablet)"
"521","2022","HYDROCHLOROTHIAZIDE","TABLET 12.5 MG","1547(E)","₹ 1.04(1 Tablet)"
"522","2022","HYDROCORTISONE","TABLET 10 MG","1547(E)","₹ 6.70(1 Tablet)"
"523","2022","HYDROCORTISONE","POWDER FOR INJECTION 100 MG","1547(E)","₹ 44.79(Each Vial)"
"524","2022","HYDROCORTISONE","INJECTION 200 MG","1547(E)","₹ 65.60(Each Vial)"
"525","2022","HYDROCORTISONE","TABLET 20 MG","1547(E)","₹ 14.89(1 Tablet)"
"526","2022","HYDROCORTISONE","TABLET 5 MG","1547(E)","₹ 3.12(1 Tablet)"
"527","2022","HYDROXYCHLOROQUINE","TABLET 400 MG","1547(E)","₹ 13.80(1 Tablet)"
"528","2022","HYDROXYCHLOROQUINE","TABLET 200 MG","1547(E)","₹ 6.36(1 Tablet)"
"529","2022","HYDROXY PROPYL METHYL CELLULOSE (2 % W/ V)","PREFILLED SYRINGE --","1547(E)","₹ 29.21(1 ML)"
"530","2022","HYDROXYUREA","CAPSULE 500 MG","1547(E)","₹ 12.12(1 Capsule)"
"531","2022","HYOSCINE","INJECTION 20 MG","1547(E)","₹ 11.24(1 ML)"
"532","2022","IBUPROFEN","TABLET 400 MG","1547(E)","₹ 1.20(1 Tablet)"
"533","2022","IBUPROFEN","TABLET 200 MG","1547(E)","₹ 0.71(1 Tablet)"
"534","2022","IBUPROFEN","ORAL LIQUID 100 MG/ 5 ML","1547(E)","₹ 0.22(1 ML)"
"535","2022","IFOSFAMIDE","INJECTION 1000 MG","1547(E)","₹ 318.95(Each Vial)"
"536","2022","IFOSFAMIDE","INJECTION 2000 MG","1547(E)","₹ 643.15(Each Vial)"
"537","2022","IMATINIB","TABLET 100 MG","1547(E)","₹ 69.75(1 Tablet)"
"538","2022","IMATINIB","TABLET 400 MG","1547(E)","₹ 199.62(1 Tablet)"
"539","2022","IMATINIB MESYLATE","CAPSULE 100 MG","1547(E)","₹ 73.48(1 Capsule)"
"540","2022","INTERMEDIATE-ACTING INSULIN(SOLUBLE)","INJECTION 40 IU/ ML","1547(E)","₹ 16.99(1 ML)"
"541","2022","INTERMEDIATE-ACTING INSULIN(SOLUBLE)","INJECTION 40 IU/ ML","1547(E)","₹ 16.99(1 ML)"
"542","2022","IOHEXOL","INFUSION 350 MG","1547(E)","₹ 14.24(1 ML)"
"543","2022","IOHEXOL","INJECTION 300 MG","1547(E)","₹ 16.90(1 ML)"
"544","2022","IRINOTECAN","INJECTION 40 MG","1547(E)","₹ 964.89(1 ML)"
"545","2022","IRON SUCROSE","INJECTION 20 MG/ML","1547(E)","₹ 57.41(1 ML)"
"546","2022","ISOFLURANE","LIQUID 100 %","1547(E)","₹ 9.65(1 ML)"
"547","2022","ISONIAZID","TABLET 100 MG","1547(E)","₹ 0.65(1 Tablet)"
"548","2022","ISONIAZID","TABLET 300 MG","1547(E)","₹ 1.29(1 Tablet)"
"549","2022","ISOSORBIDE DINITRATE","TABLET 10 MG","1547(E)","₹ 0.81(1 Tablet)"
"550","2022","ISOSORBIDE DINITRATE","TABLET 5 MG","1547(E)","₹ 0.82(1 Tablet)"
"551","2022","ISPAGHULA","POWDER --","1547(E)","₹ 0.94(1 GM)"
"552","2022","ITRACONAZOLE","ORAL SOLUTION 10 MG","1547(E)","₹ 4.94(1 ML)"
"553","2022","ITRACONAZOLE","CAPSULE 200 MG","1547(E)","₹ 22.12(1 Capsule)"
"554","2022","ITRACONAZOLE","CAPSULE 100 MG","1547(E)","₹ 16.67(1 Capsule)"
"555","2022","IUDS CONTAINING COPPER","DEVICE --","1547(E)","₹ 281.01(1 IUD)"
"556","2022","IVERMECTIN","TABLET 6 MG","1547(E)","₹ 21.58(1 Tablet)"
"557","2022","IVERMECTIN","TABLET 12 MG","1547(E)","₹ 37.37(1 Tablet)"
"558","2022","Japanese Encephalitis","VACCINE Upto 3 MCG","1547(E)","₹ 518.65(Each Vial)"
"559","2022","Japanese Encephalitis","VACCINE 4 MCG to 6 MCG","1547(E)","₹ 677.16(Each Vial)"
"560","2022","KETAMINE","INJECTION 50 MG","1547(E)","₹ 12.12(1 ML)"
"561","2022","LABETALOL","INJECTION 5 MG","1547(E)","₹ 49.98(1 ML)"
"562","2022","LABETALOL","TABLET 100 MG","1547(E)","₹ 15.16(1 Tablet)"
"563","2022","LACTULOSE","ORAL LIQUID 10 GM/ 15 ML","1547(E)","₹ 1.23(1 ML)"
"564","2022","LAMIVUDINE","TABLET 100 MG","1547(E)","₹ 10.40(1 Tablet)"
"565","2022","LAMIVUDINE","TABLET 150 MG","1547(E)","₹ 10.86(1 Tablet)"
"566","2022","LAMIVUDINE + ZIDOVUDINE","TABLET 150/300 MG","1547(E)","₹ 21.09(1 Tablet)"
"567","2022","L-ASPARAGINASE","POWDER FOR INJECTION 10000 KU","1547(E)","₹ 1707.74(Each Vial)"
"568","2022","L-ASPARAGINASE","POWDER FOR INJECTION 5000 KU","1547(E)","₹ 1034.87(Each Vial)"
"569","2022","LATANOPROST","EAR DROPS 0.005 %","1547(E)","₹ 232.58(1 ML)"
"570","2022","LENALIDOMIDE","CAPSULE 25 MG","1547(E)","₹ 292.27(1 Capsule)"
"571","2022","LENALIDOMIDE","CAPSULE 5 MG","1547(E)","₹ 67.25(1 Capsule)"
"572","2022","LETROZOLE","TABLET 2.50 MG","1547(E)","₹ 29.32(1 Tablet)"
"573","2022","LEUPRORELIN","INJECTION 22.5 MG","1547(E)","₹ 17081.50(Each Vial)"
"574","2022","LEUPRORELIN","INJECTION 11.25 MG","1547(E)","₹ 9294.48(Each Vial)"
"575","2022","LEUPRORELIN","INJECTION 3.75 MG","1547(E)","₹ 3112.67(Each Vial)"
"576","2022","LEVETIRACETAM","MODIFIED RELEASE TABLET 750 MG","1547(E)","₹ 18.30(1 Tablet)"
"577","2022","LEVETIRACETAM","INJECTION 100 MG/ML","1547(E)","₹ 23.02(1 ML)"
"578","2022","LEVETIRACETAM","SYRUP 100 MG","1547(E)","₹ 3.97(1 ML)"
"579","2022","LEVETIRACETAM","TABLET 250 MG","1547(E)","₹ 6.30(1 Tablet)"
"580","2022","LEVETIRACETAM","TABLET 500 MG","1547(E)","₹ 12.98(1 Tablet)"
"581","2022","LEVETIRACETAM","TABLET 750 MG","1547(E)","₹ 19.34(1 Tablet)"
"582","2022","LEVODOPA (A)+CARBIDOPA (B)","TABLET 100 MG(A) + 25 MG(B)","1547(E)","₹ 2.58(1 Tablet)"
"583","2022","LEVODOPA (A)+CARBIDOPA (B)","TABLET 100 MG(A) + 10 MG(B)","1547(E)","₹ 1.76(1 Tablet)"
"584","2022","LEVODOPA + CARBIDOPA","MODIFIED RELEASE TABLET 200/50 MG","1547(E)","₹ 4.73(1 Tablet)"
"585","2022","LEVODOPA + CARBIDOPA","TABLET 250/25 MG","1547(E)","₹ 4.42(1 Tablet)"
"586","2022","LEVODOPA + CARBIDOPA","MODIFIED RELEASE TABLET 100/25 MG","1547(E)","₹ 2.79(1 Tablet)"
"587","2022","LEVOFLOXACIN","TABLET 750 MG","1547(E)","₹ 12.45(1 Tablet)"
"588","2022","LEVOFLOXACIN","TABLET 500 MG","1547(E)","₹ 8.99(1 Tablet)"
"589","2022","LEVOFLOXACIN","TABLET 250 MG","1547(E)","₹ 4.82(1 Tablet)"
"590","2022","LEVONORGESTREL","TABLET 1.5 MG","1547(E)","₹ 75.35(1 Tablet)"
"591","2022","LEVOTHYROXINE","TABLET 112 MCG","1547(E)","₹ 1.66(1 Tablet)"
"592","2022","LEVOTHYROXINE","TABLET 100 MCG","1547(E)","₹ 1.32(1 Tablet)"
"593","2022","LEVOTHYROXINE","TABLET 12.5 MCG","1547(E)","₹ 1.48(1 Tablet)"
"594","2022","LEVOTHYROXINE","TABLET 125 MCG","1547(E)","₹ 1.69(1 Tablet)"
"595","2022","LEVOTHYROXINE","TABLET 150 MCG","1547(E)","₹ 1.70(1 Tablet)"
"596","2022","LEVOTHYROXINE","TABLET 25 MCG","1547(E)","₹ 1.45(1 Tablet)"
"597","2022","LEVOTHYROXINE","TABLET 50 MCG","1547(E)","₹ 1.03(1 Tablet)"
"598","2022","LEVOTHYROXINE","TABLET 62.5 MCG","1547(E)","₹ 1.61(1 Tablet)"
"599","2022","LEVOTHYROXINE","TABLET 75 MCG","1547(E)","₹ 1.44(1 Tablet)"
"600","2022","LEVOTHYROXINE","TABLET 88 MCG","1547(E)","₹ 1.65(1 Tablet)"
"601","2022","LIDOCAINE","INJECTION 5 % with 7.5 %","1547(E)","₹ 3.50(1 ML)"
"602","2022","LIDOCAINE","Topical forms 2-5%","1547(E)","₹ 1.13(1 gm or 1 ml)"
"603","2022","LIDOCAINE","INJECTION 2 %","1547(E)","₹ 1.04(1 ML)"
"604","2022","LIDOCAINE","INJECTION 1 %","1547(E)","₹ 8.87(1 ML)"
"605","2022","LIDOCAINE + ADRENALINE","INJECTION 2%/0.005MG","1547(E)","₹ 1.05(1 ML)"
"606","2022","LINEZOLID","TABLET 600 MG","1547(E)","₹ 35.67(1 Tablet)"
"607","2022","LINEZOLID","TABLET 300 MG","1547(E)","₹ 22.65(1 Tablet)"
"608","2022","LITHIUM","TABLET 300 MG","1547(E)","₹ 1.63(1 Tablet)"
"609","2022","LOPERAMIDE","TABLET 2 MG","1547(E)","₹ 2.28(1 Tablet)"
"610","2022","LOPERAMIDE","CAPSULE 2 MG","1547(E)","₹ 3.79(1 Capsule)"
"611","2022","LORAZEPAM","INJECTION 2 MG/ML","1547(E)","₹ 8.10(1 ML)"
"612","2022","LORAZEPAM","TABLET 1 MG","1547(E)","₹ 2.31(1 Tablet)"
"613","2022","LORAZEPAM","TABLET 2 MG","1547(E)","₹ 2.81(1 Tablet)"
"614","2022","MAGNESIUM SULPHATE","INJECTION 500 MG/ML","1547(E)","₹ 4.87(1 ML)"
"615","2022","MANNITOL","INFUSION 10 %","1547(E)","₹ 0.19(1 ML)"
"616","2022","MANNITOL","INFUSION 20 %","1547(E)","₹ 0.35(1 ML)"
"617","2022","MEBENDAZOLE","ORAL LIQUID 100 MG/ 5 ML","1547(E)","₹ 0.84(1 ML)"
"618","2022","MEBENDAZOLE","TABLET 100 MG","1547(E)","₹ 2.90(1 Tablet)"
"619","2022","MEDROXYPROGESTERONEACETATE","TABLET 10 MG","1547(E)","₹ 6.25(1 Tablet)"
"620","2022","MEDROXYPROGESTERONE INJECTABLE","INJECTION 150 MG","1547(E)","₹ 289.76(1 ML)"
"621","2022","MEFENAMIC ACID","ORAL LIQUID 100 MG/ 5 ML","1547(E)","₹ 0.56(1 ML)"
"622","2022","MEFENAMIC ACID","TABLET 250 MG","1547(E)","₹ 2.11(1 Tablet)"
"623","2022","MEFLOQUINE","TABLET 250 MG","1547(E)","₹ 52.16(1 Tablet)"
"624","2022","MEGLUMINE DIATRIZOATE","INJECTION 60 %","1547(E)","₹ 9.47(1 ML)"
"625","2022","MEGLUMINE DIATRIZOATE","INJECTION 76 %","1547(E)","₹ 10.20(1 ML)"
"626","2022","MELPHALAN","TABLET 5 MG","1547(E)","₹ 86.04(1 Tablet)"
"627","2022","MELPHALAN","TABLET 2 MG","1547(E)","₹ 91.33(1 Tablet)"
"628","2022","MEROPENEM","INJECTION 1000 MG","1547(E)","₹ 952.74(Each Vial)"
"629","2022","MEROPENEM","INJECTION 500 MG","1547(E)","₹ 723.01(Each Vial)"
"630","2022","MESNA","INJECTION 100 MG","1547(E)","₹ 15.51(1 ML)"
"631","2022","METFORMIN","TABLET 1000 MG","1547(E)","₹ 3.49(1 Tablet)"
"632","2022","METFORMIN","MODIFIED RELEASE TABLET 1000 MG","1547(E)","₹ 4.05(1 Tablet)"
"633","2022","METFORMIN","TABLET 500 MG","1547(E)","₹ 2.02(1 Tablet)"
"634","2022","METHOTREXATE","TABLET 10 MG","1547(E)","₹ 13.29(1 Tablet)"
"635","2022","METHOTREXATE","TABLET 5 MG","1547(E)","₹ 9.43(1 Tablet)"
"636","2022","METHOTREXATE","TABLET 2.5 MG","1547(E)","₹ 5.31(1 Tablet)"
"637","2022","METHYLERGOMETRINE","INJECTION 0.2 MG/ML","1547(E)","₹ 14.95(1 ML)"
"638","2022","METHYLERGOMETRINE","TABLET 0.125 MG","1547(E)","₹ 8.94(1 Tablet)"
"639","2022","METHYLPREDNISOLONE","INJECTION 40 MG/ML","1547(E)","₹ 45.67(1 ML)"
"640","2022","METOCLOPRAMIDE","SYRUP 5 MG","1547(E)","₹ 0.50(1 ML)"
"641","2022","METOCLOPRAMIDE","INJECTION 5 MG/ML","1547(E)","₹ 2.67(1 ML)"
"642","2022","METOCLOPRAMIDE","INJECTION 5 MG/ML","1547(E)","₹ 1.63(1 ML (10 ML & more pack))"
"643","2022","METOCLOPRAMIDE","TABLET 10 MG","1547(E)","₹ 1.35(1 Tablet)"
"644","2022","METOPROLOL","TABLET 25 MG","1547(E)","₹ 4.20(1 Tablet)"
"645","2022","METOPROLOL","TABLET 50 MG","1547(E)","₹ 5.84(1 Tablet)"
"646","2022","METOPROLOL","TABLET ER 100 MG","1547(E)","₹ 14.99(1 Tablet)"
"647","2022","METOPROLOL","CAPSULE 50 MG","1547(E)","₹ 5.82(1 Capsule)"
"648","2022","METOPROLOL","CAPSULE 25 MG","1547(E)","₹ 4.14(1 Capsule)"
"649","2022","METOPROLOL","TABLET 100 MG","1547(E)","₹ 11.13(1 Tablet)"
"650","2022","METOPROLOL","INJECTION 1 MG","1547(E)","₹ 3.40(1 ML)"
"651","2022","METRONIDAZOLE","ORAL LIQUID 200 MG/ 5 ML","1547(E)","₹ 0.52(1 ML)"
"652","2022","METRONIDAZOLE","INJECTION 500 MG","1547(E)","₹ 0.21(1 ML)"
"653","2022","METRONIDAZOLE","TABLET 200 MG","1547(E)","₹ 0.82(1 Tablet)"
"654","2022","METRONIDAZOLE","TABLET 400 MG","1547(E)","₹ 1.52(1 Tablet)"
"655","2022","MIDAZOLAM","NASAL SPRAY 1.25 MG","1547(E)","₹ 216.82(1 ML)"
"656","2022","MIDAZOLAM","INJECTION 1 MG","1547(E)","₹ 5.92(1 ML)"
"657","2022","MIDAZOLAM","INJECTION 5 MG","1547(E)","₹ 10.88(1 ML)"
"658","2022","MIDAZOLAM","NASAL SPRAY 0.5 MG","1547(E)","₹ 79.93(1 ML)"
"659","2022","MIFEPRISTONE","TABLET 200 MG","1547(E)","₹ 350.91(1 Tablet)"
"660","2022","MISOPROSTOL","TABLET 200 MCG","1547(E)","₹ 18.97(1 Tablet)"
"661","2022","MISOPROSTOL","TABLET 100 MCG","1547(E)","₹ 9.92(1 Tablet)"
"662","2022","MONTELUKAST","TABLET 4 MG","1547(E)","₹ 10.03(1 Tablet)"
"663","2022","MONTELUKAST","TABLET 10 MG","1547(E)","₹ 16.44(1 Tablet)"
"664","2022","MONTELUKAST","TABLET 5 MG","1550(E)","₹ 12.01(1 Tablet)( Pack)"
"665","2022","MORPHINE","INJECTION 15 MG","1547(E)","₹ 14.93(1 ML)"
"666","2022","MORPHINE","INJECTION 10 MG","1547(E)","₹ 19.60(1 ML)"
"667","2022","MOXIFLOXACIN","TABLET 400 MG","1547(E)","₹ 25.82(1 Tablet)"
"668","2022","MUPIROCIN","OINTMENT 2 %","1547(E)","₹ 20.29(1 GM)"
"669","2022","MYCOPHENOLATE MOFETIL","TABLET 500 MG","1550(E)","₹ 74.59(1 Tablet)( Pack)"
"670","2022","MYCOPHENOLATE MOFETIL","TABLET 250 MG","1547(E)","₹ 49.60(1 Tablet)"
"671","2022","NALOXONE","INJECTION 400 MCG","1547(E)","₹ 92.72(1 ML)"
"672","2022","NATAMYCIN","EYE DROPS 5 %","1547(E)","₹ 23.38(1 ML)"
"673","2022","NEOSTIGMINE","INJECTION 0.5 MG","1547(E)","₹ 5.01(1 ML)"
"674","2022","NEOSTIGMINE","TABLET 15 MG","1547(E)","₹ 4.59(1 Tablet)"
"675","2022","NEVIRAPINE","TABLET 200 MG","1547(E)","₹ 15.80(1 Tablet)"
"676","2022","NICOTINE","LOZENGES 2 MG","1547(E)","₹ 7.92(1 Lozenges)"
"677","2022","NICOTINE","PASTILLES 4 MG","1547(E)","₹ 7.83(1 Pastille)"
"678","2022","NICOTINE","GUM 4 MG","1547(E)","₹ 10.64(1 Gum)"
"679","2022","NICOTINE","LOZENGES 4 MG","1547(E)","₹ 9.75(1 Lozenges)"
"680","2022","NICOTINE","PASTILLES 2 MG","1547(E)","₹ 7.12(1 Pastille)"
"681","2022","NICOTINE","GUM 2 MG","1547(E)","₹ 8.59(1 Gum)"
"682","2022","NIFEDIPINE","TABLET 10 MG","1547(E)","₹ 1.54(1 Tablet)"
"683","2022","NIFEDIPINE","CAPSULE 10 MG","1547(E)","₹ 0.95(1 Capsule)"
"684","2022","NITROFURANTOIN","ORAL LIQUID 25 MG/5 ML","1547(E)","₹ 0.89(1 ML)"
"685","2022","NITROFURANTOIN","TABLET 100 MG","1547(E)","₹ 8.11(1 Tablet)"
"686","2022","NITROFURANTOIN","CAPSULE 100 MG","1547(E)","₹ 8.64(1 Capsule)"
"687","2022","NITROUS OXIDE","INHALER --","1547(E)","₹ 285.97(Cubic Meter)"
"688","2022","NOREPINEPHRINE","INJECTION 2 MG","1547(E)","₹ 20.17(1 ML)"
"689","2022","NORETHISTERONE","TABLET 5 MG","1547(E)","₹ 5.39(1 Tablet)"
"690","2022","OMEPRAZOLE","POWDER FOR ORAL LIQUID 20 MG","1547(E)","₹ 1.51(1 GM)"
"691","2022","OMEPRAZOLE","CAPSULE 20 MG","1547(E)","₹ 2.87(1 Capsule)"
"692","2022","OMEPRAZOLE","TABLET 40 MG","1547(E)","₹ 8.45(1 Tablet)"
"693","2022","OMEPRAZOLE","TABLET 20 MG","1547(E)","₹ 4.34(1 Tablet)"
"694","2022","OMEPRAZOLE","CAPSULE 40 MG","1547(E)","₹ 5.67(1 Capsule)"
"695","2022","OMEPRAZOLE","CAPSULE 10 MG","1547(E)","₹ 2.41(1 Capsule)"
"696","2022","ONDANSETRON","TABLET 8 MG","1547(E)","₹ 9.06(1 Tablet)"
"697","2022","ONDANSETRON","INJECTION 2 MG","1547(E)","₹ 5.96(1 ML)"
"698","2022","ONDANSETRON","ORAL SOLUTION 2 MG","1547(E)","₹ 1.26(1 ML)"
"699","2022","ONDANSETRON","TABLET 4 MG","1547(E)","₹ 5.14(1 Tablet)"
"700","2022","ORMELOXIFENE","TABLET 30 MG","1547(E)","₹ 8.44(1 Tablet)"
"701","2022","OTHER HEPARINS","SOLUTION 1000 IU","1547(E)","₹ 21.21(1 ML)"
"702","2022","OXALIPLATIN","INJECTION 50 MG","1547(E)","₹ 2233.95(Each Vial)"
"703","2022","OXYGEN","LIQUID MEDICAL OXYGEN --","1547(E)","₹ 17.02(Cubic Meter)"
"704","2022","OXYGEN","IN CYLINDER --","1547(E)","₹ 28.83(Cubic Meter)"
"705","2022","OXYTOCIN","INJECTION 10 IU","1547(E)","₹ 39.87(1 ML)"
"706","2022","OXYTOCIN","INJECTION 5 IU","1547(E)","₹ 17.84(1 ML)"
"707","2022","PACLITAXEL","INJECTION 30 MG/ 5 ML","1547(E)","₹ 215.44(1 ML)"
"708","2022","PACLITAXEL","INJECTION 100 MG/16.7 ML","1547(E)","₹ 215.44(1 ML)"
"709","2022","PANTOPRAZOLE","INJECTION 40 MG","1547(E)","₹ 50.45(Each Vial)"
"710","2022","PARACETAMOL","TABLET 650 MG","1547(E)","₹ 2.01(1 Tablet)"
"711","2022","PARACETAMOL","SUPPOSITORY 170 MG","1547(E)","₹ 7.95(1 Suppository)"
"712","2022","PARACETAMOL","INJECTION 150 MG","1547(E)","₹ 1.60(1 ML)"
"713","2022","PARACETAMOL","ORAL LIQUID 250 MG/ 5 ML","1547(E)","₹ 0.67(1 ML)"
"714","2022","PARACETAMOL","TABLET 500 MG","1547(E)","₹ 0.90(1 Tablet)"
"715","2022","PARACETAMOL","INJECTION 150 MG","1547(E)","₹ 3.97(2 ML Pack)"
"716","2022","PARACETAMOL","SUPPOSITORY 80 MG","1547(E)","₹ 6.66(1 Suppository)"
"717","2022","PARACETAMOL","ORAL LIQUID 125 MG/ 5 ML","1547(E)","₹ 0.37(1 ML)"
"718","2022","PARACETAMOL","SUSPENSION 120 MG","1547(E)","₹ 0.61(1 ML)"
"719","2022","PENICILLAMINE","CAPSULE 250 MG","1547(E)","₹ 15.65(1 Capsule)"
"720","2022","PERMETHRIN","LOTION 1 %","1547(E)","₹ 1.00(1 ML)"
"721","2022","PERMETHRIN","LOTION 5 %","1547(E)","₹ 1.00(1 gm or 1 ml)"
"722","2022","PERMETHRIN","CREAM 1 %","1547(E)","₹ 1.50(1 GM)"
"723","2022","PERMETHRIN","CREAM 5 %","1547(E)","₹ 1.85(1 GM)"
"724","2022","PERMETHRIN","GEL 5 %","1547(E)","₹ 1.31(1 GM)"
"725","2022","PHENIRAMINE","INJECTION 22.75 MG","1547(E)","₹ 2.76(2 ML Pack)"
"726","2022","PHENIRAMINE","INJECTION 22.75 MG","1547(E)","₹ 2.06(Each Pack (10 ML))"
"727","2022","PHENOBARBITONE","INJECTION 200 MG","1547(E)","₹ 22.14(1 ML)"
"728","2022","PHENOBARBITONE","TABLET 30 MG","1547(E)","₹ 1.31(1 Tablet)"
"729","2022","PHENOBARBITONE","TABLET 60 MG","1547(E)","₹ 1.89(1 Tablet)"
"730","2022","PHENOBARBITONE","ORAL LIQUID 20 MG/ 5 ML","1547(E)","₹ 0.49(1 ML)"
"731","2022","PHENYTOIN","INJECTION 50 MG","1547(E)","₹ 5.95(1 ML)"
"732","2022","PHENYTOIN","CAPSULE 300 MG","1547(E)","₹ 4.65(1 Capsule)"
"733","2022","PHENYTOIN","TABLET ER 300 MG","1547(E)","₹ 6.57(1 Tablet)"
"734","2022","PHENYTOIN","TABLET 300 MG","1547(E)","₹ 5.48(1 Tablet)"
"735","2022","PHENYTOIN","CAPSULE 100 MG","1547(E)","₹ 1.83(1 Capsule)"
"736","2022","PHENYTOIN","TABLET 100 MG","1547(E)","₹ 1.76(1 Tablet)"
"737","2022","PHENYTOIN","ORAL SUSPENSION 125 MG","1547(E)","₹ 1.10(1 ML)"
"738","2022","PHENYTOIN","ORAL LIQUID 30 MG/ 5 ML","1547(E)","₹ 0.35(1 ML)"
"739","2022","PHENYTOIN","TABLET 50 MG","1547(E)","₹ 0.84(1 Tablet)"
"740","2022","PHYTOMENADIONE","INJECTION 10 MG","1547(E)","₹ 53.09(1 ML)"
"741","2022","PHYTOMENADIONE (VITAMINK1)10 MG","TABLET 10 MG","1547(E)","₹ 14.54(1 Tablet)"
"742","2022","PILOCARPINE","EYE DROPS 2 %","1547(E)","₹ 10.83(1 ML)"
"743","2022","PIPERACILLIN + TAZOBACTAM","INJECTION 2000/250 MG","1547(E)","₹ 191.55(Each Vial)"
"744","2022","PIPERACILLIN + TAZOBACTAM","INJECTION 4000/500 MG","1547(E)","₹ 399.41(Each Vial)"
"745","2022","PIPERACILLIN + TAZOBACTAM","INJECTION 1000/125 MG","1547(E)","₹ 99.65(Each Vial)"
"746","2022","POTASSIUM CHLORIDE","ORAL LIQUID 500 MG/ 5 ML","1547(E)","₹ 0.30(1 ML)"
"747","2022","POTASSIUM CHLORIDE","INJECTION 150 MG","1547(E)","₹ 2.40(1 ML)"
"748","2022","POVIDONE IODINE","LIQUID 5 %","1547(E)","₹ 0.44(1 ML)"
"749","2022","POVIDONE IODINE","SOLUTION 4 %","1547(E)","₹ 1.74(1 ML)"
"750","2022","POVIDONE IODINE","SOLUTION 10 %","1547(E)","₹ 0.96(1 ML)"
"751","2022","POVIDONE IODINE","SOLUTION 7.5 %","1547(E)","₹ 0.82(1 ML)"
"752","2022","PRALIDOXIME","INJECTION 25 MG","1547(E)","₹ 4.56(1 ML)"
"753","2022","PREDNISOLONE","DROPS 1 %","1547(E)","₹ 5.76(1 ML)"
"754","2022","PREDNISOLONE","TABLET 10 MG","1547(E)","₹ 1.20(1 Tablet)"
"755","2022","PREDNISOLONE","ORAL LIQUID 15 MG/ 5 ML","1547(E)","₹ 0.86(1 ML)"
"756","2022","PREDNISOLONE","TABLET 20 MG","1547(E)","₹ 2.40(1 Tablet)"
"757","2022","PREDNISOLONE","SUSPENSION 5 MG","1547(E)","₹ 0.49(1 ML)"
"758","2022","PREDNISOLONE","TABLET 5 MG","1547(E)","₹ 0.68(1 Tablet)"
"759","2022","PREDNISOLONE","TABLET 40 MG","1547(E)","₹ 3.41(1 Tablet)"
"760","2022","PRIMAQUINE","TABLET 7.5 MG","1547(E)","₹ 2.38(1 Tablet)"
"761","2022","PRIMAQUINE","TABLET 2.5 MG","1547(E)","₹ 1.75(1 Tablet)"
"762","2022","PRIMAQUINE","TABLET 15 MG","1547(E)","₹ 5.14(1 Tablet)"
"763","2022","PROPARACAINE","EYE DROPS 0.5 %","1547(E)","₹ 10.25(1 ML)"
"764","2022","PROPOFOL","INJECTION 10 MG","1547(E)","₹ 6.50(1 ML)"
"765","2022","PROPRANOLOL","TABLET 10 MG","1547(E)","₹ 1.31(1 Tablet)"
"766","2022","PROPRANOLOL","CAPSULE 20 MG","1547(E)","₹ 2.35(1 Capsule)"
"767","2022","PROPRANOLOL","TABLET 40 MG","1547(E)","₹ 3.22(1 Tablet)"
"768","2022","PROPRANOLOL","CAPSULE 40 MG","1547(E)","₹ 4.25(1 Capsule)"
"769","2022","PROPRANOLOL","TABLET 20 MG","1547(E)","₹ 3.20(1 Tablet)"
"770","2022","PROPRANOLOL","CAPSULE 10 MG","1547(E)","₹ 2.00(1 Capsule)"
"771","2022","PROTAMINE","INJECTION 10 MG","1547(E)","₹ 9.78(1 ML)"
"772","2022","PYRAZINAMIDE","TABLET 750 MG","1547(E)","₹ 7.21(1 Tablet)"
"773","2022","PYRAZINAMIDE","TABLET 1000 MG","1547(E)","₹ 10.53(1 Tablet)"
"774","2022","PYRAZINAMIDE","TABLET 500 MG","1547(E)","₹ 4.89(1 Tablet)"
"775","2022","PYRAZINAMIDE","TABLET 1500 MG","1547(E)","₹ 11.81(1 Tablet)"
"776","2022","PYRIDOXINE","TABLET 10 MG","1547(E)","₹ 0.11(1 Tablet)"
"777","2022","PYRIDOXINE","TABLET 100 MG","1547(E)","₹ 5.98(1 Tablet)"
"778","2022","QUININE","TABLET 300 MG","1547(E)","₹ 5.65(1 Tablet)"
"779","2022","QUININE","INJECTION 300 MG","1547(E)","₹ 9.50(1 ML)"
"780","2022","RALTEGRAVIR","TABLET 400 MG","1547(E)","₹ 147.79(1 Tablet)"
"781","2022","RAMIPRIL","CAPSULE 5 MG","1547(E)","₹ 7.19(1 Capsule)"
"782","2022","RAMIPRIL","TABLET 5 MG","1547(E)","₹ 8.18(1 Tablet)"
"783","2022","RAMIPRIL","CAPSULE 2.5 MG","1547(E)","₹ 4.66(1 Capsule)"
"784","2022","RAMIPRIL","TABLET 2.5 MG","1547(E)","₹ 5.21(1 Tablet)"
"785","2022","RIBAVIRIN","CAPSULE 200 MG","1547(E)","₹ 26.49(1 Capsule)"
"786","2022","RIFAMPICIN","CAPSULE 450 MG","1547(E)","₹ 5.67(1 Capsule)"
"787","2022","RIFAMPICIN","CAPSULE 300 MG","1547(E)","₹ 4.61(1 Capsule)"
"788","2022","RIFAMPICIN","CAPSULE 150 MG","1547(E)","₹ 2.29(1 Capsule)"
"789","2022","RIFAMPICIN","ORAL LIQUID 100 MG/ 5 ML","1547(E)","₹ 0.47(1 ML)"
"790","2022","RIFAMPICIN","CAPSULE 600 MG","1547(E)","₹ 11.36(1 Capsule)"
"791","2022","RISPERIDONE","INJECTION 25 MG","1547(E)","₹ 1930.29(1 ML)"
"792","2022","RISPERIDONE","TABLET 4 MG","1547(E)","₹ 7.36(1 Tablet)"
"793","2022","RISPERIDONE","INJECTION 37.5 MG","1547(E)","₹ 2649.40(1 ML)"
"794","2022","RISPERIDONE","TABLET 2 MG","1547(E)","₹ 4.48(1 Tablet)"
"795","2022","RISPERIDONE","ORAL SOLUTION 1 MG","1547(E)","₹ 2.21(1 ML)"
"796","2022","RISPERIDONE","TABLET 1 MG","1547(E)","₹ 3.03(1 Tablet)"
"797","2022","RITONAVIR","TABLET 100 MG","1547(E)","₹ 29.21(1 Tablet)"
"798","2022","RITONAVIR + LOPINAVIR","TABLET 50/200 MG","1547(E)","₹ 47.97(1 Tablet)"
"799","2022","RITUXIMAB","INJECTION 10 MG","1547(E)","₹ 761.81(1 ML)"
"800","2022","ROTAVIRUS","VACCINE --","1547(E)","₹ 854.57(Each Vial)"
"801","2022","SALBUTAMOL","SYRUP 2 MG","1547(E)","₹ 0.18(1 ML)"
"802","2022","SALBUTAMOL","TABLET 2 MG","1547(E)","₹ 0.18(1 Tablet)"
"803","2022","SALBUTAMOL","TABLET 4 MG","1547(E)","₹ 0.21(1 Tablet)"
"804","2022","SALBUTAMOL","SOLUTION 5 MG","1547(E)","₹ 0.68(1 ML)"
"805","2022","SALBUTAMOL","INHALER 100 MCG","1547(E)","₹ 0.49(Per Metered Dose)"
"806","2022","SALICYLIC ACID","OINTMENT 6 %","1547(E)","₹ 2.02(1 GM)"
"807","2022","SALICYLIC ACID","OINTMENT 3 %","1547(E)","₹ 2.06(1 GM)"
"808","2022","SEVOFLURANE","INHALER --","1547(E)","₹ 31.17(1 ML)"
"809","2022","Snake venom antiserum- Lyophilized polyvalent","INJECTION --","1547(E)","₹ 665.25(Each Vial)"
"810","2022","Snake Venom Antiserum-Soluble/ Liquid Polyvalent","INJECTION --","1547(E)","₹ 428.67(Each Vial)"
"811","2022","SODIUM BICARBONATE","INJECTION 7.5 %","1547(E)","₹ 1.01(1 ML)"
"812","2022","SODIUM BICARBONATE","INJECTION 8.4 %","1547(E)","₹ 1.35(1 ML)"
"813","2022","SODIUM VALPROATE","TABLET 500 MG","1547(E)","₹ 8.12(1 Tablet)"
"814","2022","SODIUM VALPROATE","ORAL LIQUID 200 MG/ 5 ML","1547(E)","₹ 0.65(1 ML)"
"815","2022","SODIUM VALPROATE","TABLET 200 MG","1547(E)","₹ 3.59(1 Tablet)"
"816","2022","SODIUM VALPROATE","INJECTION 100 MG","1547(E)","₹ 6.75(1 ML)"
"817","2022","SODIUM VALPROATE","MODIFIED RELEASE TABLET 500 MG","1547(E)","₹ 9.28(1 Tablet)"
"818","2022","SODIUM VALPROATE","MODIFIED RELEASE TABLET 300 MG","1547(E)","₹ 6.10(1 Tablet)"
"819","2022","SODIUM VALPROATE","TABLET 300 MG","1547(E)","₹ 4.46(1 Tablet)"
"820","2022","SOFOSBUVIR","TABLET 400 MG","1547(E)","₹ 525.11(1 Tablet)"
"821","2022","SOMATOSTATIN","POWDER FOR INJECTION 3 MG","1547(E)","₹ 1359.00(Each Vial)"
"822","2022","SPIRONOLACTONE","TABLET 50 MG","1547(E)","₹ 4.37(1 Tablet)"
"823","2022","SPIRONOLACTONE","TABLET 25 MG","1547(E)","₹ 2.19(1 Tablet)"
"824","2022","STREPTOKINASE","INJECTION 1500000 IU","1547(E)","₹ 1877.33(Each Vial)"
"825","2022","STREPTOMYCIN","POWDER FOR INJECTION 750 MG","1547(E)","₹ 10.10(Each Vial)"
"826","2022","STREPTOMYCIN","POWDER FOR INJECTION 1000 MG","1547(E)","₹ 10.86(Each Vial)"
"827","2022","SUCCINYL CHOLINE","INJECTION 50 MG/ML","1547(E)","₹ 5.21(1 ML)"
"828","2022","SULFASALAZINE","TABLET 500 MG","1547(E)","₹ 4.72(1 Tablet)"
"829","2022","SUMATRIPTAN","TABLET 25 MG","1547(E)","₹ 32.50(1 Tablet)"
"830","2022","SUMATRIPTAN","TABLET 50 MG","1547(E)","₹ 55.68(1 Tablet)"
"831","2022","TACROLIMUS","CAPSULE 1 MG","1547(E)","₹ 40.62(1 Capsule)"
"832","2022","TACROLIMUS","CAPSULE 2 MG","1547(E)","₹ 84.34(1 Capsule)"
"833","2022","TACROLIMUS","CAPSULE 0.5 MG","1547(E)","₹ 20.66(1 Capsule)"
"834","2022","TACROLIMUS","TABLET 2 MG","1547(E)","₹ 77.69(1 Tablet)"
"835","2022","TACROLIMUS","TABLET 1 MG","1547(E)","₹ 39.98(1 Tablet)"
"836","2022","TACROLIMUS","TABLET 0.5 MG","1547(E)","₹ 20.97(1 Tablet)"
"837","2022","TAMOXIFEN","TABLET 10 MG","1547(E)","₹ 2.21(1 Tablet)"
"838","2022","TAMOXIFEN","TABLET 20 MG","1547(E)","₹ 2.95(1 Tablet)"
"839","2022","TELMISARTAN","TABLET 20 MG","1547(E)","₹ 3.88(1 Tablet)"
"840","2022","TELMISARTAN","TABLET 80 MG","1547(E)","₹ 10.40(1 Tablet)"
"841","2022","TELMISARTAN","TABLET 40 MG","1547(E)","₹ 6.76(1 Tablet)"
"842","2022","TEMOZOLOMIDE","CAPSULE 250 MG","1547(E)","₹ 4304.00(1 Capsule)"
"843","2022","TEMOZOLOMIDE","CAPSULE 100 MG","1547(E)","₹ 1508.70(1 Capsule)"
"844","2022","TEMOZOLOMIDE","TABLET 20 MG","1547(E)","₹ 336.64(1 Tablet)"
"845","2022","TEMOZOLOMIDE","CAPSULE 20 MG","1547(E)","₹ 441.33(1 Capsule)"
"846","2022","TEMOZOLOMIDE","TABLET 250 MG","1547(E)","₹ 3758.14(1 Tablet)"
"847","2022","TENECTEPLASE","INJECTION 30 MG","1547(E)","₹ 36910.02(Each Vial)"
"848","2022","TENECTEPLASE","INJECTION 40 MG","1547(E)","₹ 50389.68(Each Vial)"
"849","2022","TENELIGLIPTIN","TABLET 20 MG","1547(E)","₹ 11.09(1 Tablet)"
"850","2022","TENOFOVIR","TABLET 300 MG","1547(E)","₹ 45.84(1 Tablet)"
"851","2022","TENOFOVIR ALAFENAMIDE","TABLET 25 MG","1547(E)","₹ 48.87(1 Tablet)"
"852","2022","TENOFOVIR (A)+LAMIVUDINE (B)","TABLET 300 MG(A) + 300
MG(B)","1547(E)","₹ 45.58(1 Tablet)"
"853","2022","TENOFOVIR (A)+LAMIVUDINE (B) +
EFAVIRENZ (C)","TABLET 300 MG(A) + 300
MG(B) + 600 MG�","1547(E)","₹ 102.84(1 Tablet)"
"854","2022","TERBINAFINE","CREAM 1 %","1547(E)","₹ 5.26(1 GM)"
"855","2022","TETANUS","INJECTION 0.5 ML","1547(E)","₹ 12.47(Each Vial)"
"856","2022","TETANUS","INJECTION 0.5 ML","1547(E)","₹ 25.53(Each Pack (5 ml))"
"857","2022","THALIDOMIDE","CAPSULE 50 MG","1547(E)","₹ 31.16(1 Capsule)"
"858","2022","THALIDOMIDE","CAPSULE 100 MG","1547(E)","₹ 62.01(1 Capsule)"
"859","2022","THIAMINE","TABLET 100 MG","1547(E)","₹ 4.46(1 Tablet)"
"860","2022","THIOPENTAL SODIUM","INJECTION 1000 MG","1547(E)","₹ 55.32(Each Vial)"
"861","2022","THIOPENTAL SODIUM","INJECTION 500 MG","1547(E)","₹ 45.69(Each Vial)"
"862","2022","TIMOLOL","DROPS 0.5 %","1547(E)","₹ 13.40(1 ML)"
"863","2022","TIOTROPIUM","INHALER 18 MCG","1547(E)","₹ 10.71(Per Dose)"
"864","2022","TIOTROPIUM","INHALER 9 MCG","1547(E)","₹ 2.78(Per Metered Dose)"
"865","2022","TRAMADOL","INJECTION 50 MG","1547(E)","₹ 11.78(1 ML)"
"866","2022","TRAMADOL","CAPSULE 100 MG","1547(E)","₹ 9.04(1 Capsule)"
"867","2022","TRAMADOL","TABLET 50 MG","1547(E)","₹ 9.70(1 Tablet)"
"868","2022","TRAMADOL","TABLET 100 MG","1547(E)","₹ 24.48(1 Tablet)"
"869","2022","TRAMADOL","CAPSULE 50 MG","1547(E)","₹ 4.82(1 Capsule)"
"870","2022","TRANEXAMIC ACID","INJECTION 100 MG/ML","1547(E)","₹ 13.71(1 ML)"
"871","2022","TRANEXAMIC ACID","TABLET 500 MG","1547(E)","₹ 18.54(1 Tablet)"
"872","2022","TRASTUZUMAB","INJECTION 440 MG/ 50 ML","1547(E)","₹ 54725.20(Each Vial)"
"873","2022","TRIHEXYPHENIDYL","TABLET 2 MG","1547(E)","₹ 1.37(1 Tablet)"
"874","2022","TRIMETHOPRIM + SULPHAMETHOXAZOLE","SUSPENSION 200/40 MG","1547(E)","₹ 0.35(1 ML)"
"875","2022","TROPICAMIDE EYE DROPS / OINTMENT","DROPS 1 %","1547(E)","₹ 9.43(1 ML)"
"876","2022","UNFRACTIONATED HEPARINS - SYSTEMIC","INJECTION 5000 IU","1547(E)","₹ 59.96(1 ML)"
"877","2022","VALGANCICLOVIR","TABLET 450 MG","1547(E)","₹ 400.73(1 Tablet)"
"878","2022","VANCOMYCIN","INJECTION 500 MG","1547(E)","₹ 317.63(Each Vial)"
"879","2022","VANCOMYCIN","CAPSULE 250 MG","1547(E)","₹ 152.38(1 Capsule)"
"880","2022","VANCOMYCIN","INJECTION 1000 MG","1547(E)","₹ 470.26(Each Vial)"
"881","2022","VANCOMYCIN","INJECTION 250 MG","1547(E)","₹ 251.25(Each Vial)"
"882","2022","VECURONIUM","POWDER FOR INJECTION 4 MG","1547(E)","₹ 74.40(Each Vial)"
"883","2022","VECURONIUM","POWDER FOR INJECTION 10 MG","1547(E)","₹ 117.36(Each Vial)"
"884","2022","VERAPAMIL","TABLET 80 MG","1547(E)","₹ 1.59(1 Tablet)"
"885","2022","VERAPAMIL","TABLET 40 MG","1547(E)","₹ 0.86(1 Tablet)"
"886","2022","VINCRISTINE","INJECTION 1 MG","1547(E)","₹ 57.52(1 ML)"
"887","2022","VITAMIN A","INJECTION 50000 IU","1547(E)","₹ 2.26(1 ML)"
"888","2022","VITAMIN A","TABLET 50000 IU","1547(E)","₹ 0.73(1 Tablet)"
"889","2022","VITAMIN B1 PLAIN (WITH ADDITIVES)","INJECTION 100 MG","1547(E)","₹ 22.59(1 ML)"
"890","2022","VITAMIN D3 (CHOLECALCIFEROL)","TABLET 1000 IU","1547(E)","₹ 4.31(1 Tablet)"
"891","2022","VITAMIN D3 (CHOLECALCIFEROL)","GRANULES 1000 IU","1547(E)","₹ 23.14(1 GM)"
"892","2022","VITAMIN D3 (CHOLECALCIFEROL)","SYRUP 400 IU","1547(E)","₹ 2.61(1 ML)"
"893","2022","VITAMIN D3 (CHOLECALCIFEROL)","TABLET 60000 IU","1547(E)","₹ 22.50(1 Tablet)"
"894","2022","VITAMIN D3 (CHOLECALCIFEROL)","CAPSULE 60000 IU","1547(E)","₹ 30.78(1 Capsule)"
"895","2022","VITAMIN D3 (CHOLECALCIFEROL)","GRANULES 60000 IU","1547(E)","₹ 33.98(1 GM)"
"896","2022","VITAMIN D3 (CHOLECALCIFEROL)","CAPSULE 1000 IU","1547(E)","₹ 4.89(1 Capsule)"
"897","2022","WARFARIN","TABLET 1 MG","1547(E)","₹ 2.46(1 Tablet)"
"898","2022","WARFARIN","TABLET 5 MG","1547(E)","₹ 2.40(1 Tablet)"
"899","2022","WARFARIN","TABLET 3 MG","1547(E)","₹ 3.18(1 Tablet)"
"900","2022","WARFARIN","TABLET 2 MG","1547(E)","₹ 2.72(1 Tablet)"
"901","2022","XYLOMETAZOLINE","NASAL DROPS 0.05 %","1547(E)","₹ 4.19(1 ML)"
"902","2022","XYLOMETAZOLINE","NASAL DROPS 0.1 %","1547(E)","₹ 5.12(1 ML)"
"903","2022","ZIDOVUDINE","TABLET 300 MG","1547(E)","₹ 13.59(1 Tablet)"
"904","2022","ZIDOVUDINE (A) + LAMIVUDINE (B) +
NEVIRAPINE (C)","TABLET 300 MG(A) + 150 MG(B) + 200 MG(C)","1547(E)","₹ 21.13(1 Tablet)"
"905","2022","ZINC SULPHATE","DISPERSIBLE TABLET 20 MG","1547(E)","₹ 3.41(1 Tablet)"
"906","2022","ZOLEDRONIC ACID","POWDER FOR INJECTION 4 MG","1547(E)","₹ 2392.05(Each Vial)"
"907","2022","ZOLPIDEM","TABLET 10 MG","1547(E)","₹ 8.51(1 Tablet)"
"908","2022","ZOLPIDEM","TABLET 5 MG","1547(E)","₹ 6.21(1 Tablet)"